assignment_id,split,protocol_id,seed,partition_key,prompt_sha256,is_reserve,matrix_id,hc_id,hd_id,ot_id
CBV15C-0002,Train,CB12_PARTITION_V1,12026,1d7bfbbcf2e4fc9c376d11cbbd49eae3d70a5381eda5ca6309f1913efe5f71a9,ee4976e2860943563a3e22e5c0385aa8eba5d5f2e6e0033911e4383d9e6609d2,False,V15C-HC8-HD7-OT5,HC8,HD7,OT5
CBV15C-0003,Test1,CB12_PARTITION_V1,12026,896af6eb720bba04afdb616b24265f16cbf1806960f7a2ec46f5cb41baefe495,4523eee19dda6347cbcae518cc81286f62b2712bd93b42594d8b0a183e1a8679,False,V15C-HC4-HD4-OT1,HC4,HD4,OT1
CBV15C-0004,Test3,CB12_PARTITION_V1,12026,5fca3ff06bb60e5494c2f6784e892ba701fc7b78cc9a078ac3dc9d79251943dd,4eda3bfb240405ed18ecf74c108fd88228ded55eec1ff0f1a069a51716576db6,False,V15C-HC5-HD3-OT8,HC5,HD3,OT8
CBV15C-0005,Train,CB12_PARTITION_V1,12026,a77607fe807a3254c131cae6f976a022d48f13f8676d8fe600871d47b8e0a010,dd9c3a831dc191c51cfc53bdd9e9112a6b17309e26f273d1f4b687941d9aea35,False,V15C-HC6-HD5-OT5,HC6,HD5,OT5
CBV15C-0006,Train,CB12_PARTITION_V1,12026,df4c496bf735759807a7389d0c37a5efd65f33eb2c69db093922712e2f763f6a,17032994ff29cb6ea5467b5cefd2de69b067ae2c16cf62bdf0bacd163142f23f,False,V15C-HC3-HD8-OT3,HC3,HD8,OT3
CBV15C-0007,Train,CB12_PARTITION_V1,12026,cfc24c589ee5b4dd30df3b677a93aca507e7cb0397dfecd0c69e408a26cf7f36,8a939eaf6aa1803f2fb6e79f35c2117fad8f8d2b5371cf6b2996eb9378961c9f,False,V15C-HC7-HD6-OT11,HC7,HD6,OT11
CBV15C-0008,Train,CB12_PARTITION_V1,12026,2c1f876d1f1f99ab9e5a38fe98f036e30e75f9b65dddc8a52d282fee6a6ce02f,b672769ab784507b4a580be16fdbaa5ac3cb50030a6d4b30a85ae4eb8c7ebf87,False,V15C-HC9-HD5-OT13,HC9,HD5,OT13
CBV15C-0009,Test2,CB12_PARTITION_V1,12026,b126112e8f53d1538fe27c0b6e8dc236d4105f416e24e2f9b9e6c165b6f0866b,39b9c0a81e073ae7a3253b47dcdf0f842bd9c4407945f56846a60f72c2f865ac,False,V15C-HC1-HD2-OT6,HC1,HD2,OT6
CBV15C-0010,Test3,CB12_PARTITION_V1,12026,ad865f70cc9bf8e6c06dfd71ca0982d14002caf98462d97a49da7555c1b9088d,2449a2312b8a2c2e0039248d0169b3a2ac52ea30332bb51cdefa9c21664036a8,False,V15C-HC3-HD3-OT6,HC3,HD3,OT6
CBV15C-0011,Test2,CB12_PARTITION_V1,12026,b29f85e66b1609b48840626be161a070d86c747d5f7336707f00eeda41935544,164313fcf6e9148938ec8bfe03fb7e05bcbe1609acc561c7cafe515e8b379cf2,False,V15C-HC5-HD4-OT6,HC5,HD4,OT6
CBV15C-0012,Train,CB12_PARTITION_V1,12026,ccd887b4b00c4f6ee48ba4fd68796b0c2aab6743e20a9acb14a0f0d270e78489,e47867ab47aa01fdc20ad54fa023b5e4d8ae7c4046f9947779043c38e8ee9e4e,False,V15C-HC6-HD1-OT10,HC6,HD1,OT10
CBV15C-0013,Train,CB12_PARTITION_V1,12026,58f592b2754b05ef668f8ea11fadcc7e36fd3932f531243626fed82c01d369d9,35cf79ee7d7b3a6992f007a1b347eda2e118175b0ebc864ed6bba5d31dfd6a5c,False,V15C-HC2-HD2-OT3,HC2,HD2,OT3
CBV15C-0014,Train,CB12_PARTITION_V1,12026,8f476872d34a52cd8f776cb60bc3a1d919b08061177e24a8b4bd05f0a0ed0a85,a0a69969d9e145b60e29f67e4ce68036259170f0aac3fa927882933627cd3ec3,False,V15C-HC1-HD6-OT5,HC1,HD6,OT5
CBV15C-0015,Train,CB12_PARTITION_V1,12026,95848e10a73b89ba5b8ed7abc907acafb42b39eb395c795884aa902bf90163bf,7516d239dcdc01f1a07769981b9ed1082f77e84a53ce0c9c9a726cbfcc0fa7cc,False,V15C-HC8-HD7-OT8,HC8,HD7,OT8
CBV15C-0016,Test4,CB12_PARTITION_V1,12026,0ac1a1f346071b1ca1bdfdc21281d43bb23f3bee732d469bdc9e282b2886db6a,722a96dd528b171ea6771c3076c80bb5a024d7e12624ff97924a1b1de82dae66,False,V15C-HC7-HD3-OT6,HC7,HD3,OT6
CBV15C-0017,Test3,CB12_PARTITION_V1,12026,f95fdd0b21f2b4e13c40103e305927928e12187af63a03e7e382c9601ea10321,02ea2462afc7c595c9ca511f423d5985260470b41eaca7fa26b43d5f631d908d,False,V15C-HC4-HD8-OT6,HC4,HD8,OT6
CBV15C-0018,Test1,CB12_PARTITION_V1,12026,084f3c0e0f251a5daaad06b0e2959c3a22688e5a5ab3c67462b1ccfbd7330de1,499769a0ab63a3fcf710f64bbdedd125961c2cd9da4efc2f944a0420fb0a4e04,False,V15C-HC3-HD1-OT1,HC3,HD1,OT1
CBV15C-0019,Train,CB12_PARTITION_V1,12026,a9c71896d3f0c60c302eb7da9d6481fd8f3bd95fb0d251827afdfd9cfaa3b3bd,495e80bcbc27ddf6fa0d72f0afbb6da6c22d66f2c433a94b6051c90a9ef7fb0e,False,V15C-HC9-HD5-OT6,HC9,HD5,OT6
CBV15C-0020,Train,CB12_PARTITION_V1,12026,2107c95e5ec2d254b474f1cb5688ce5b24be973bf6d589af65b7a1e0ef606fe4,a57303e40e2101ac6c6f9eee93f027187c03062997344474a19f7f8a38820060,False,V15C-HC5-HD4-OT15,HC5,HD4,OT15
CBV15C-0021,Train,CB12_PARTITION_V1,12026,126c7d6f7a5b7d68f1ab80d75e7d5d13e98d33c89b038fd6eb498419035a431e,2683f2e41585681e6c5cdbc0f44f9ee23ac823698ca96b54d0fb40d553c30bfc,False,V15C-HC2-HD2-OT4,HC2,HD2,OT4
CBV15C-0022,Train,CB12_PARTITION_V1,12026,04a2d95f32e7d9e2b4a786e939d53f478aecc1e47ce35cc962784c9cd6d89da6,f0e040e59aa9085e9667b7c21390cc120887eab5ec9a776f876aa2503f1b4c8b,False,V15C-HC6-HD3-OT8,HC6,HD3,OT8
CBV15C-0023,Train,CB12_PARTITION_V1,12026,71bad7904a39fc398d06c024c8a367d1ab05c47c4d4ef05b6ca56608de8e1660,bef201433148219f52b8cffe7b2e541ffe91a6b5d9ad0451f3d4bf1a95b59c49,False,V15C-HC3-HD4-OT15,HC3,HD4,OT15
CBV15C-0024,Test2,CB12_PARTITION_V1,12026,6960ee38530b9bc1a785c700a5f96ec2cc22526c5388742110e84161b0ec6c39,ae1a69f42800cb2a7e246c5f2178e5841f926c85c869581fd2420dcda1b4f0bf,False,V15C-HC1-HD1-OT5,HC1,HD1,OT5
CBV15C-0025,Train,CB12_PARTITION_V1,12026,7d458db068214313d15f1142ba60882162f9ca771c56e6e0078d5c6142060b9d,cb09427e5bb1d1e128cc640f9d93a93cafbd6361f17bb7bd4a910252607ee069,False,V15C-HC7-HD2-OT8,HC7,HD2,OT8
CBV15C-0026,Test1,CB12_PARTITION_V1,12026,a20684ec3ac4e3cbc3f5f5fc47eef1e01cb6c30fc98ccb388ec85de1f74b6877,e73c36d2597a92c40a7ff95fead3a65b53ecae0da5d9f5fac4f7d586aca732e4,False,V15C-HC8-HD6-OT12,HC8,HD6,OT12
CBV15C-0028,Train,CB12_PARTITION_V1,12026,f9b6f1f0e939e24f4145cefe753f56c1dd2b93a1f8d88adc9b622393adaa9cf6,f4a7298e03e30e70a89e07f7e988ff06091bc7a6f050a50356cc17317dcf372b,False,V15C-HC9-HD5-OT2,HC9,HD5,OT2
CBV15C-0029,Train,CB12_PARTITION_V1,12026,08ac04ba247dd7cc9375a8a9eba08d4dca95514bde7ff24d5ebb952735ec78b2,59b6be7788b97728b7ff67e7b320320b7e7de92584548532e653cab9a1b0211d,False,V15C-HC4-HD3-OT9,HC4,HD3,OT9
CBV15C-0030,Train,CB12_PARTITION_V1,12026,7aff98b2ef3c97db955357e39de49d571eaf124aa790bfbfb096b1f8e6c8c8d1,1b66b61434c18870068fae49695ef8e5e43deaf26cdbaad0dbf31b84f45262c2,False,V15C-HC3-HD8-OT2,HC3,HD8,OT2
CBV15C-0031,Train,CB12_PARTITION_V1,12026,2ffebb57f6b2fdf2eb7cdc7db87a704da13c85a17435f49e5b81a6188d9b0928,b7a5c35cddb5f0f1ce8ef9a3990413db020ffd49ffee663b47b8c1b032fefc13,False,V15C-HC2-HD2-OT5,HC2,HD2,OT5
CBV15C-0032,Train,CB12_PARTITION_V1,12026,1ffad1cfecb644c55f41f9a2bd4f97b828ce1389cb899387224d9cdd914c184d,2255bbdda47814430046a41324c7d23b448894eadcc391226ad7791c53d1b423,False,V15C-HC6-HD1-OT15,HC6,HD1,OT15
CBV15C-0033,Test3,CB12_PARTITION_V1,12026,309097e755d1bbfab40c661d45a999ede193ad0721f3243b6a6799a529c2f927,dc1c7819da5c97ff475f8dd1eb161bf6f8cc882f8865d65aceae10e6fb48fad6,False,V15C-HC5-HD4-OT7,HC5,HD4,OT7
CBV15C-0034,Train,CB12_PARTITION_V1,12026,d40a28fdad57093570f12a7afe64cda39a912230078f7df20bde4dbc711bad41,e4fb41bc3d5193582cbf086e8d058c389e3356b09dc710bc227274853bd13be0,False,V15C-HC1-HD3-OT6,HC1,HD3,OT6
CBV15C-0035,Test2,CB12_PARTITION_V1,12026,e164b31b7ade14e6d87258b56aec8b6ccba5ded2c08c48896da91f3a90658f98,b52382246764401daab1b90fe05713ddc2d08918f87da909653cb7e4b9d950c2,False,V15C-HC8-HD6-OT12,HC8,HD6,OT12
CBV15C-0036,Test1,CB12_PARTITION_V1,12026,ae5f3d1ddcb9199828d239c82a92f27aa2da261651179d418054ad21a2941539,c41e4441c0d389fe7d2f2e1016b96fb001a8beaccabd21340441e534a8a5679e,False,V15C-HC7-HD3-OT11,HC7,HD3,OT11
CBV15C-0037,Test4,CB12_PARTITION_V1,12026,d9432586a5838b4409ee73162e69f7690714b23f4896f4f43e13319bd64e194b,55537ce9c17b69711b2cc03db756ede5270ee6db5801c4ebe5aba7a8bc46928c,False,V15C-HC3-HD1-OT2,HC3,HD1,OT2
CBV15C-0038,Test4,CB12_PARTITION_V1,12026,9c488039fd8b6009b24c694ac42ec4e6b47408a76d2beb6ae8aced5be6e48873,58fc657c3c582ab594cfe7773ddf5dc11f0efc6dc2e9949d5f8e3d6b45967aa4,False,V15C-HC6-HD4-OT6,HC6,HD4,OT6
CBV15C-0039,Train,CB12_PARTITION_V1,12026,9a117d12ae83aedd80ba98c979455a447f5ff8abacf2dd4662c54d62429276ad,8dce895488f36cd4750f7c1b5a433505c11ac6852c143df3cfd9a4f5c3f25edf,False,V15C-HC2-HD2-OT4,HC2,HD2,OT4
CBV15C-0040,Train,CB12_PARTITION_V1,12026,0b1dfc2dd4955779c0b37f5f617e3713fc2356830d26c269851657c22322b718,1d3ffedc851401c6dadc33bd840be9df905b152ae303377e0b4cd01702e9a1d5,False,V15C-HC5-HD7-OT15,HC5,HD7,OT15
CBV15C-0041,Test1,CB12_PARTITION_V1,12026,c2594809e99a162bdffaa5d6c21c0722d7daa96cd0dae6b9088573a0598f461a,548dfa34e29a0dacd2b6249260d08d1a8952386a53f1d7d718a30018c02b8de1,False,V15C-HC3-HD8-OT14,HC3,HD8,OT14
CBV15C-0043,Test2,CB12_PARTITION_V1,12026,ba411c33cdb8bb8efc4a8ca1fe56b8629b7a7914eef13f8fd687f95820d6c3cc,2079bd03e5a09c2c55c9312374dcaf24372316c739db74fbb1a6b19c6ff6cbe0,False,V15C-HC9-HD5-OT8,HC9,HD5,OT8
CBV15C-0044,Train,CB12_PARTITION_V1,12026,30aaf5439a0d01616a4d6d292c359e759a890994ffb21b9f0608118fb1d6b71e,7568b47541b23ae69515b57fd978d32fdbed04b31d3efa450cb267ef542f2d45,False,V15C-HC1-HD2-OT5,HC1,HD2,OT5
CBV15C-0045,Test3,CB12_PARTITION_V1,12026,b03631aa2425c58784f4bb1e33919f156dac79a0a2ce3fdf37ea19dd2aed74ea,f4503482e94e3a8c1ad2a479c3e5f4067b67c9d17180bf75b9a2f7a773114357,False,V15C-HC7-HD6-OT8,HC7,HD6,OT8
CBV15C-0046,Test4,CB12_PARTITION_V1,12026,dfdffee6799492496e9a8766609924d842e48a05a56f2b3f76dd780c56bf1b61,f12cd280934fa88e06170ad5d2efee49a21eac1a6d82efba9bbaa93cb5a53e8e,False,V15C-HC8-HD4-OT5,HC8,HD4,OT5
CBV15C-0047,Train,CB12_PARTITION_V1,12026,944cc439bc198ee255cd827b7c384405e085ed03c84a36a072956ce930a7e25f,fae4c895fb4f44a68dbe8a733b03936baa1ccaf363d4b2cd1678dcaeae642a54,False,V15C-HC2-HD1-OT15,HC2,HD1,OT15
CBV15C-0049,Train,CB12_PARTITION_V1,12026,be013a167d0b090526be7478dd1c6d1cdf62e400cb5aa618975f00cb7ed1041f,55a79f03431e474e635e3a12586eb36bd8c291f804cab6ff68852d3f584f0134,False,V15C-HC5-HD7-OT7,HC5,HD7,OT7
CBV15C-0050,Test3,CB12_PARTITION_V1,12026,2170ee390a656e1a597c046a2cf3637e1794b0b6f5e1fcec2631964b4f9b90fe,8a40933017643239d3f8674e367fd0dbf6032bae73e8ab994fd188fad46b9713,False,V15C-HC3-HD2-OT1,HC3,HD2,OT1
CBV15C-0052,Train,CB12_PARTITION_V1,12026,900a2961f859764a8389fc78d72a3a611c1be3cc4848b987067b7e8afd2f303e,329a036366697e1febb98ca186d104180d0da44167415001c4d5c8f284b62bfc,False,V15C-HC5-HD1-OT6,HC5,HD1,OT6
CBV15C-0053,Train,CB12_PARTITION_V1,12026,6a3a3a25ec93af4e5d3f4e122402ad233f986d6d54ecb1242b061e53f1b9a8dc,c914ac9657a268e3e9cdea1ef29daa3da700775aee8e30bac29a3c6ade108f26,False,V15C-HC4-HD3-OT14,HC4,HD3,OT14
CBV15C-0054,Train,CB12_PARTITION_V1,12026,ace3a3eceff71d891c9d90616c39980ca666ae914326db0482b08e82f18e5849,e52f4c5e117bc0c238bcbbce9554d174f9ef95a380269e669249c221bb7c0f46,False,V15C-HC2-HD8-OT3,HC2,HD8,OT3
CBV15C-0056,Test1,CB12_PARTITION_V1,12026,be2b0a224523c91481a313f0272750a8178d88919b535431ccf40fc0cbde5092,439a9c1f47da835054b31070b952d6faa627d8cd29c6c78e7b2abe81fcb7061b,False,V15C-HC3-HD4-OT15,HC3,HD4,OT15
CBV15C-0057,Train,CB12_PARTITION_V1,12026,5aa2e1b125eabf15fbbe8f4dc877afc590ecce27707d4ba849e59437361b2f17,a4c0349cd4003a8231a67c21e4951877d5acfc9d33c27fe800642cb1d4bfc238,False,V15C-HC9-HD6-OT11,HC9,HD6,OT11
CBV15C-0059,Test4,CB12_PARTITION_V1,12026,80427472ed48562f514c9a7c9213cbe0b9e9c4e59b5611c5c1b2dc5228178c82,3620f1ac6935b2bf590700f8376cd70ef443b1c951e98d3eecceccd630f0d7af,False,V15C-HC8-HD1-OT8,HC8,HD1,OT8
CBV15C-0060,Train,CB12_PARTITION_V1,12026,bab74f260c38a76e62d9ae03086c843a4e8e1a2d641fa55cfc755c4dd42f6b36,0e536566d02618fb716d79185a43714dc6ef38d6845c71a5c87987731646e85b,False,V15C-HC3-HD3-OT3,HC3,HD3,OT3
CBV15C-0061,Train,CB12_PARTITION_V1,12026,a097a5e0a6043aabf574f25c26ce73cdfc0f4f369f91fdc0d0a39328161603c4,ce4cf06eda08eab3d2994c5dc047185eb866ba9687a6c8ff05f82d5d0b9e3319,False,V15C-HC5-HD7-OT13,HC5,HD7,OT13
CBV15C-0062,Train,CB12_PARTITION_V1,12026,e630a58df43830f50296076b5654cd1bbc1f2f5294c91d52065937b5bad78319,84d522529b2965dc0d50aa897bcec84d12a8e8fb1f118ae382951a9b891ce79c,False,V15C-HC2-HD4-OT5,HC2,HD4,OT5
CBV15C-0063,Train,CB12_PARTITION_V1,12026,0dc443c27e95b003d4e0b2b3c45b5becd86a8f8c75742abbd9816774fa063c4b,e242041f39be324c9cca0a787a65246a1ab84fdf6e590e4656b0e9216fe914eb,False,V15C-HC6-HD5-OT15,HC6,HD5,OT15
CBV15C-0065,Test4,CB12_PARTITION_V1,12026,59c6b1f1ebf0a45cc04464b36605dccceaf6e80cb03d356d2c4e626151052d21,f4f6d29387fc27d75d96d13a297cab7d2b0b8cea5892e0ca46f08e924e83066d,False,V15C-HC8-HD1-OT12,HC8,HD1,OT12
CBV15C-0066,Train,CB12_PARTITION_V1,12026,0b11c1064ee80aebaf4a002b2971e7e089ad1574c9865ff3d938c125e951fdfc,4d430992ed727e0883ed48abe587695d695470d29d0a89d9c333fec83536a50c,False,V15C-HC7-HD6-OT8,HC7,HD6,OT8
CBV15C-0067,Train,CB12_PARTITION_V1,12026,95fa53f7f6aca3da464ef7df3b270fb11d5c6941bb5dfe0e06621a397ef7f9be,450e2a22665bfb954eb80d8bff0e1e8bcd156cb197d5ceb82dadddadc3e4c34a,False,V15C-HC4-HD3-OT15,HC4,HD3,OT15
CBV15C-0069,Test1,CB12_PARTITION_V1,12026,721ce928cc97104c3fc88800c8a7f8d84486e6bf061ba053d38c859c50de693c,c650367d8a6290d90cc190239bc9716539c08e0251cbd364996adda8db248caa,False,V15C-HC9-HD7-OT11,HC9,HD7,OT11
CBV15C-0070,Train,CB12_PARTITION_V1,12026,8d87edf4bb476b1c922fbfac59bd89b9d020d63f718efe523e13ac3677f9a2ae,e5b6b191dda0e25aff0b8aeadd62f9cadc66ec94f3209f2249e133eca5be2a3e,False,V15C-HC5-HD3-OT8,HC5,HD3,OT8
CBV15C-0071,Test4,CB12_PARTITION_V1,12026,f55abb3c1cf302d1ec50a3eef285a90414fcb60065c69111789da4cf0888db83,0ea818b15db3868f9edef8519cd2e6d743d90d63eb68f91f972e1c437c30bb37,False,V15C-HC6-HD1-OT14,HC6,HD1,OT14
CBV15C-0072,Train,CB12_PARTITION_V1,12026,1f7947fea09e675fe7d658152650914f81dd690c7ae1d77940479478a5b0a3f0,5e81451be2a99f864afc3c0f6df620f50f194d6c98bd83a5c985fa9e5d42d8c6,False,V15C-HC2-HD2-OT3,HC2,HD2,OT3
CBV15C-0073,Train,CB12_PARTITION_V1,12026,84d6305c34b37e963a7165844cdf1cf7bbc228a1f1087b4a92f0a464cabba559,1f2658e4ffc06512370437340948773ac0f594d98a81458d0a44f87bc1612ee4,False,V15C-HC3-HD4-OT2,HC3,HD4,OT2
CBV15C-0074,Test4,CB12_PARTITION_V1,12026,fc2e82b26892589de91ee5e704051311f9063e304f3e7a5fe1426463ce8c91db,9c0f4ab6041690575cc5b0cf99f83eda30ffe837bc06b91a666e83d5e15cb0e7,False,V15C-HC1-HD5-OT5,HC1,HD5,OT5
CBV15C-0075,Train,CB12_PARTITION_V1,12026,d29381672cbd465ff904b2dcca7991ff4ca17e482eb5f66489fbeb3d7e2814fc,7f1fe0ac25519ffc4ab12eae37a0db7cae269b73d6b6a34deb60e17d25778a96,False,V15C-HC7-HD6-OT14,HC7,HD6,OT14
CBV15C-0076,Train,CB12_PARTITION_V1,12026,b52336ee6921297d541f854666b6916f3346457cf3e5bc42bbb7ab932011fd75,cadc336b6845ee2c7993fb6c75315477f0bba7d0f42dc71147871330f563e4ea,False,V15C-HC8-HD3-OT8,HC8,HD3,OT8
CBV15C-0077,Train,CB12_PARTITION_V1,12026,4804904a04c70e3a5a77ee6317077768fb3447809140b0f148e3c57f489862c8,1d74af7dc2b42cbe8dad1fe3897218d6c3c7b7da536123cfcdd353e39f1f4129,False,V15C-HC5-HD4-OT13,HC5,HD4,OT13
CBV15C-0079,Test1,CB12_PARTITION_V1,12026,e3e55caf8d8299666198ed43ab58d8eb62e9a673ee8e0e1c37bd85a3a3977159,d59da6ec914b89f73fa56924f6736db605b8729e0e955cb52556abd4f28f95be,False,V15C-HC6-HD2-OT10,HC6,HD2,OT10
CBV15C-0081,Test2,CB12_PARTITION_V1,12026,f96f505700f84bddabe6138309e9ba00f1d4edf57e46a9fdebd50a8ad61161f1,8e619a721222f4a654dd8d1e51f9a2fb17ec30328238d640a84b4b2e29bdf20b,False,V15C-HC3-HD3-OT1,HC3,HD3,OT1
CBV15C-0082,Train,CB12_PARTITION_V1,12026,bd9640da8074e88803b51f970429e07ba33ba153ed1c0317941714f51458e3d7,8e2ce490b718458bd0ba93cb6eadffcc8f2a93ed1955f5aceac90a506325577e,False,V15C-HC9-HD7-OT2,HC9,HD7,OT2
CBV15C-0083,Train,CB12_PARTITION_V1,12026,96f256a2bfe7f0b2b1bd296326f72b598b458c0a1980caffcf80a1f9f2ff416a,bc4a3d155cd9fc8bb2ca63da4922b82760e942ceabdaf668dc88bd6abc2ed131,False,V15C-HC5-HD4-OT7,HC5,HD4,OT7
CBV15C-0084,Train,CB12_PARTITION_V1,12026,dcab857be5e054fb3040c38ae321bdcb29400053ef27a5af6ad43aa7b98cf852,34dc473a9d83a12d67e10b5209850146e7507df0145fd9c79db3eb5e1df812d3,False,V15C-HC1-HD5-OT14,HC1,HD5,OT14
CBV15C-0085,Test2,CB12_PARTITION_V1,12026,0cfd7d5fa5b613f4cb91f9c92f75eaa4963c8c925fe4e19b61fd99a5747c6e2a,b0f91a52d7c1188cb1e75b1f11d2328229db685bd3f5c4b4e520d4657e52397b,False,V15C-HC8-HD1-OT14,HC8,HD1,OT14
CBV15C-0086,Train,CB12_PARTITION_V1,12026,08edb64f7f66831183f8c7b000281b519dc5c6cf3735c56081b9af1e7a4122de,ef6aec908bfa8d2186d73bd2a4c2a5191462f3c913bd65fb5884f80eda45a29c,False,V15C-HC7-HD2-OT11,HC7,HD2,OT11
CBV15C-0087,Train,CB12_PARTITION_V1,12026,133430b5b1580e0bea73897ab8b47f2f4dcc238f16f5522c2b01519dcc0d1bb7,b818668813cd0284aa0043ac4e87cf1ac06301fa1e83839e42b400ecebcee858,False,V15C-HC3-HD3-OT14,HC3,HD3,OT14
CBV15C-0088,Test3,CB12_PARTITION_V1,12026,c8b651be8f7fb0093da0e657544229b3d62c55a51c73ecb49007131a958f6a03,b029ef4cebf8efc6b0aff5fc4014962a04df487a4f4a0864e20bf4a0abd563b8,False,V15C-HC2-HD4-OT4,HC2,HD4,OT4
CBV15C-0089,Train,CB12_PARTITION_V1,12026,a734376eacdeb440e477767314d64ae56875fb5ee52b40e6c5f7eaf3eedca13c,1bca31f95e388de33c980bfbb9d7b33d83d855b1d68e8647c3c475f721b39842,False,V15C-HC6-HD6-OT8,HC6,HD6,OT8
CBV15C-0090,Test1,CB12_PARTITION_V1,12026,6e743d6642b5aae124e1196757ca9ac7d4e33141df70a11f99ec93ad21efa9dc,74ff14c2919bb8fda6c29727f159944f39a834863a514c154906171c4dcd0099,False,V15C-HC5-HD1-OT14,HC5,HD1,OT14
CBV15C-0092,Test3,CB12_PARTITION_V1,12026,8d2e4765ce94cd585f1cfc77e7ff98a20d6f18df5b97ed92bc2b875f1b4162fc,ac4c5c9289961f6e8b497bacee492958532fceefc1dba7149ec7de73c930fb27,False,V15C-HC3-HD2-OT6,HC3,HD2,OT6
CBV15C-0093,Test3,CB12_PARTITION_V1,12026,7252c905bfd66206d26cf74932db5c4029de671939e15e7504f812d53a5b3843,03163faeeb8958de283d14881fb4deb4263e5b83a8fce7d91a4b76f2553e1b9e,False,V15C-HC4-HD8-OT9,HC4,HD8,OT9
CBV15C-0094,Test4,CB12_PARTITION_V1,12026,3e80f32790336c48cd8a639f5fe172f719c5266eb2987aebf5ab820421621e2e,45b5a6331b912504f909ea73313ed6c1a7db7505577a162f1a6db2ffb0c2a1af,False,V15C-HC1-HD3-OT6,HC1,HD3,OT6
CBV15C-0095,Train,CB12_PARTITION_V1,12026,6fcc38f4edb080add9f9897f71c1e6aec23a77ac1a08ac6c49be84976faa499f,51cd2a560df6a28644d540e3a1e60c94a33f43942757d315805373817f8bed08,False,V15C-HC7-HD5-OT6,HC7,HD5,OT6
CBV15C-0096,Train,CB12_PARTITION_V1,12026,8076b61ac45c85f2b066b871ccf3bbde925ac2e310c8a278dc819e2230ef3c0d,61d91ab101b3438337b89a67c943ae8cedb80ee8e21fd42d49dcc0d312bd9be8,False,V15C-HC8-HD6-OT5,HC8,HD6,OT5
CBV15C-0097,Train,CB12_PARTITION_V1,12026,c2fad1dd3039585e382eb379782eef18e6ae7ed1fb0ee9bc552bec423f63bac6,58a18da5ea3060299e3d870ec18946ae90dc072de0d20b25bde39aa2e71eb6de,False,V15C-HC6-HD1-OT5,HC6,HD1,OT5
CBV15C-0098,Test4,CB12_PARTITION_V1,12026,404783a65d69d58e94b850f0ceeb4d1cb3383719ceb627e4542ff20dfc993ecc,908e9ec5c68f18133469c0c131fac2678f6fe8098efad72c93f10f8b2ca3622f,False,V15C-HC2-HD4-OT5,HC2,HD4,OT5
CBV15C-0099,Test4,CB12_PARTITION_V1,12026,c56e100f6d43e1c85d5aeb4fe78f02a840199473b0916c183b76e5a09527c574,181c706183db1464f7c917ad7aebc384f0830e618f3f818704453b90b2476fd6,False,V15C-HC5-HD2-OT6,HC5,HD2,OT6
CBV15C-0100,Train,CB12_PARTITION_V1,12026,47f8f4e49d10dd0e975d58fc4caff60a9fdc241132660dde9a0c94ff7cd136ea,95019dfb0edb49518bad28ab5578ffe4ea1234dcdbff99f08678f27a462f4023,False,V15C-HC3-HD3-OT15,HC3,HD3,OT15
CBV15C-0101,Test2,CB12_PARTITION_V1,12026,0355240c8ab9821e16abf9107d60a87f5f3663a5f1e4cdee60d7ca67e4c7a58d,ed04108cfe2d626c37d0e18051de9442a808b8e891e9e24ccd74a6df43bb39df,False,V15C-HC1-HD5-OT5,HC1,HD5,OT5
CBV15C-0103,Train,CB12_PARTITION_V1,12026,04977c0420b7d3fc620732b1ccc01353e74fbdcfbe5cd6a3ccf8765c47dd07e4,1546e82ac24de262e49e907eff1b21f98c048705c302c2c2760f815e931c2126,False,V15C-HC6-HD8-OT8,HC6,HD8,OT8
CBV15C-0104,Test1,CB12_PARTITION_V1,12026,75df1e2917c13bd2a0ba6e3ece4a1e3e84e7eb0e8a3f67ff8a94d6bf7b673599,bbfd981b5af5b08f006c4b3003751c47a0410a2f46e7223f839e8d8ad345e260,False,V15C-HC3-HD2-OT3,HC3,HD2,OT3
CBV15C-0105,Test2,CB12_PARTITION_V1,12026,829a140e55c78a55bb0ceefda15d128c1414f9c82f3a1418bcd66da16eb8e679,3afcc11a8acf6a292e079fae055e82a732faa56467dd6fe1b4b936af05ce9be7,False,V15C-HC4-HD4-OT1,HC4,HD4,OT1
CBV15C-0107,Test3,CB12_PARTITION_V1,12026,69a0fe70b9d470769da7e6d30e6422633d6654b195218eba8041e818286c770e,df57be180a9f35d80420a4097d78a7a838d101db1f0f912be9f1fe1068ac7257,False,V15C-HC9-HD7-OT13,HC9,HD7,OT13
CBV15C-0108,Train,CB12_PARTITION_V1,12026,aa8a352d4b3a28b3687e54e9ef5632e06fc75383d4d38385ae895d563d46f075,7e8ee0c9938587f79542d540aa1714c6d850421af56852fcb5c01a5be842f451,False,V15C-HC8-HD6-OT12,HC8,HD6,OT12
CBV15C-0109,Test1,CB12_PARTITION_V1,12026,501d2bb43fae91a151272882b4298c5d928ed5ce31ce8f9d80fd91169d69da84,3848d797c5847e84dba1e580be469a00d6fa68afec2ca63677e1ac755a8935bc,False,V15C-HC7-HD3-OT8,HC7,HD3,OT8
CBV15C-0110,Train,CB12_PARTITION_V1,12026,efff7ba8b93820a7d8c9697efc8f0dd32eb8a0cdfbd846a30ee6fd0eac1953b3,c30721a024084079d7959da5f0983620da76f87be887fbea1383fd48e8c081a4,False,V15C-HC3-HD1-OT14,HC3,HD1,OT14
CBV15C-0111,Train,CB12_PARTITION_V1,12026,594d92b8312c206706e000c394a23902a441372647ba15c49226e609a091cb3f,08dcdb5c53637624a1f94b1327b4d21986b03059083b479602c4ee920a90b7f7,False,V15C-HC5-HD4-OT8,HC5,HD4,OT8
CBV15C-0112,Test1,CB12_PARTITION_V1,12026,90479b240759ea2f4cad3b935f80b8397d0191296cc77f167ee0a900ea3fa242,a3312aa02382fe8667cb051cc1595a2439573e4516e14d5a698661f05d8d1cff,False,V15C-HC2-HD2-OT3,HC2,HD2,OT3
CBV15C-0113,Test1,CB12_PARTITION_V1,12026,2917a61da9a319c5905f5906c9103a142cce3a5891a6b8b446b81eb8b247ad8e,e7401426fbc6afac68e75e0b77d0acc930b951d18c0f66eed36c6feeec931d4f,False,V15C-HC6-HD5-OT15,HC6,HD5,OT15
CBV15C-0115,Train,CB12_PARTITION_V1,12026,1455596c5015d6df9ada558ef7ad398ac03f351cb2a24f31cf2685c6bb366c92,0c01faf65addcfba3e16a9a37c0833d193e069a7ac7b66a7a9798772d510af51,False,V15C-HC7-HD3-OT11,HC7,HD3,OT11
CBV15C-0116,Train,CB12_PARTITION_V1,12026,49909f3a99cf12235f344d4db087abcb961072c9fe3dd3ee10145934132ba75c,9e66cf03f045f8d3ffc1ddb228526c931e703e338ccee068e4d09f53d1feaf1a,False,V15C-HC8-HD6-OT5,HC8,HD6,OT5
CBV15C-0117,Test2,CB12_PARTITION_V1,12026,0913fbd30200c7acb38a170b9f06c55e1edda1b84eabdf75c4f1b10f1c71a02f,2915a4f00adf97577195d8e3371fbabb979b7d660c64364e7fdd4d5e4d348504,False,V15C-HC3-HD8-OT2,HC3,HD8,OT2
CBV15C-0118,Train,CB12_PARTITION_V1,12026,14205a5f5341f27125e2d21e09ba87952fba0f3bd96e977ac7ce85cc65c18fc8,f7fed8e8f9e1dfff6edb7554a981a4792325d6f611fa81cc88e178ebb0c96a27,False,V15C-HC4-HD2-OT1,HC4,HD2,OT1
CBV15C-0119,Test3,CB12_PARTITION_V1,12026,fb3dcebc29c3ba57fa450c0e33a52b377c10542e56f53585c8b2aea941dd1eb0,850874a3897bca9b39b4eb45b57fa4b41e6491822e65a3d80c49695611b8ad0b,False,V15C-HC9-HD5-OT6,HC9,HD5,OT6
CBV15C-0121,Train,CB12_PARTITION_V1,12026,109ebab7b22b2bd795e35ad3fe09f2a9f90493fb0517a245eb0b98640a28c2ae,75da1a197cd98bef4c07268a319d9f2163704eb93847ef063bb5d27fd432d454,False,V15C-HC6-HD4-OT6,HC6,HD4,OT6
CBV15C-0122,Test3,CB12_PARTITION_V1,12026,4939e21e1467d4f1c8ffec8f0f915fc233c597423eb3d10e07d7f988d4ef2e8e,2e918a2f18f69c924b02a08bc974611daaf053900515f6e132d35dee2564606f,False,V15C-HC2-HD3-OT15,HC2,HD3,OT15
CBV15C-0123,Test4,CB12_PARTITION_V1,12026,21c96e627e17f782475852dc0cacb6556b6d4fd29a2fd948de4368529c860823,fa7e61a155a23bfaaa44be82c4bc37b9ddd2da78748011d6140b9d38e4aebb37,False,V15C-HC3-HD1-OT15,HC3,HD1,OT15
CBV15C-0125,Test2,CB12_PARTITION_V1,12026,f04dde0ab867f422ee9ea7f456dc939180531d174a1c03c5ca30277ff309767e,653045c9bcb8a3cb044b90a923760d16a1d2b1619158e5095b4ea2cc8c6177a2,False,V15C-HC5-HD2-OT15,HC5,HD2,OT15
CBV15C-0126,Train,CB12_PARTITION_V1,12026,9fffae366c6c25c1579e43fa5e98c48cd1af8a7dd7ed4d432a6d5fae5a54f92a,617f66498f6e160faa5efd8701b30fcf937d03ab9c0d6fec0427b0e4e6b8ade5,False,V15C-HC7-HD6-OT6,HC7,HD6,OT6
CBV15C-0127,Train,CB12_PARTITION_V1,12026,42273a3566f52c312f0c29b5548040da5e8b050ca33b511ee6bb3b0ee4a639ca,f9c9e960fbbd8f07ccd4b892c7250c0e702d6ab592fc04754487794871b20534,False,V15C-HC8-HD7-OT14,HC8,HD7,OT14
CBV15C-0128,Train,CB12_PARTITION_V1,12026,3ec121eb7f43996c18f14931411e6f288a0d8d95df224c61f93388e36fdbf4c3,8511ba1a94e72ebef127faf138733997230cb5f4f0c10787ddb6347683bf790a,False,V15C-HC9-HD5-OT6,HC9,HD5,OT6
CBV15C-0129,Train,CB12_PARTITION_V1,12026,0e912de291e36487cf7c20e6a6b96fb0a45b1772da628929bf6837d09fa05b7e,d6cbf056fdf71b00d7bbb5fed7879613b73eb7b7c683a7c7e2fc315900109628,False,V15C-HC4-HD3-OT9,HC4,HD3,OT9
CBV15C-0130,Train,CB12_PARTITION_V1,12026,3845c4169cfc6efc22b0cb7c63aff40723129efb9cd16be7608ddf1b05e20b3e,7c5c316472c5a94b10e2f526e78c2dba5aeb5d21b4cbedc837e826fd85f4599e,False,V15C-HC6-HD8-OT10,HC6,HD8,OT10
CBV15C-0132,Train,CB12_PARTITION_V1,12026,ba633a0757dbc060f33e0f5d62b676f3be3ed039a03525691a8d6e68722d769a,7cbef809b9a42aa66fc7b58d6a533baaca44c4cebd957010a7f36813639067dd,False,V15C-HC3-HD1-OT1,HC3,HD1,OT1
CBV15C-0133,Test3,CB12_PARTITION_V1,12026,955a09979822f98381c6544401eef6f79d6087e60a4319d54c295e4f818db64e,e9f3d909aba3b76331431f5a96c386e86d05cf8f168dc3bedf789338b7d17a55,False,V15C-HC5-HD4-OT8,HC5,HD4,OT8
CBV15C-0134,Test4,CB12_PARTITION_V1,12026,7ace7d61ef8f7a4393eb27482095056c10522c1e41d4a7b8996322d364791cce,63e2d6081880e384298e03c46a487b512e362ba7218c97ef143cbe407be988ff,False,V15C-HC1-HD3-OT5,HC1,HD3,OT5
CBV15C-0135,Test3,CB12_PARTITION_V1,12026,a2dd817b2450be351a3e02ac4de9cee20194fc70d40f0f5773d2ab762cabbbbc,042ec687a0c956c506ffec3ab1564b6e8307093b581c4af0dc82be85f3f8ff7a,False,V15C-HC8-HD6-OT8,HC8,HD6,OT8
CBV15C-0136,Train,CB12_PARTITION_V1,12026,f96ee9f31719597141b1201a8e286f97de96bc7621af644c2b86ca27319f566d,80ec2254a0c36d0f07e77e9c59d204fab8feb7658fb8cfa46389e9280f1765d8,False,V15C-HC7-HD3-OT14,HC7,HD3,OT14
CBV15C-0137,Test3,CB12_PARTITION_V1,12026,d29e7430ac5119f33737cf19292c90344005512a823515f9c01042a6d2a43e5b,d7f45e5209c9057c9c8ad0c8fb852cac7bd99129f7b60858a284b5e04ff6c35b,False,V15C-HC3-HD2-OT3,HC3,HD2,OT3
CBV15C-0139,Train,CB12_PARTITION_V1,12026,def646f75a1bd57f26e80c88dd014c61d75e93f27183548566ad2e7239b06ae3,adec99a40d94e688a3455b0428712e622a7724b58f0b06965d58695cd056ee2e,False,V15C-HC2-HD4-OT3,HC2,HD4,OT3
CBV15C-0141,Train,CB12_PARTITION_V1,12026,8e71ce262cba01fbad6dbd06f19d0771b280cac6f180e406b4c817ae70ca5119,b28a01c429ec54c7a8b33c0daa47d6dab6bc024daa708cf592400e754736348d,False,V15C-HC9-HD5-OT11,HC9,HD5,OT11
CBV15C-0142,Train,CB12_PARTITION_V1,12026,06373758d0a94b2c12a281cc63b471671b3a7c8e72e159b6bbccf898bfe3a289,05a324b41b2c490b0f862599d9213db5ee445fc702472c70b0230e699d688cd7,False,V15C-HC3-HD8-OT6,HC3,HD8,OT6
CBV15C-0143,Test3,CB12_PARTITION_V1,12026,1053c7ca4e54cc3ca3823648977a855d462d8e2d5e216751df8b49860e946a0b,9d8219b2bbf5985e5805f1963ac761d21f5d29b7d6904106adead8957b4e5c42,False,V15C-HC4-HD3-OT15,HC4,HD3,OT15
CBV15C-0144,Train,CB12_PARTITION_V1,12026,93df57193c4d7abf33cf864d225c9924cfea8ceba509839cabc395e024b36907,ad47fdffbef1a84c99aa6c6ce11769c5c8b2e9b98415761dc11d450ee2864e8e,False,V15C-HC1-HD1-OT6,HC1,HD1,OT6
CBV15C-0145,Train,CB12_PARTITION_V1,12026,763c5a93b7217be910ca12d6bf3d360f226d513f58c635f8b2995160aec1db7b,c4722b3ef2e5ee6e31f00a535d434e39558fabacdf0c47a0d8b278c7a8b44ee3,False,V15C-HC8-HD2-OT12,HC8,HD2,OT12
CBV15C-0146,Test1,CB12_PARTITION_V1,12026,663317eae1c6a2b04098b28d776f3db513fb527a8561a1e6e1a37967dc108385,e908dc1be002c0eeccef373a3ebf957bcc2494dcd804638ea59004f0a418a2a6,False,V15C-HC7-HD6-OT8,HC7,HD6,OT8
CBV15C-0147,Test4,CB12_PARTITION_V1,12026,4d78877bb4499a0b379d860198af0d6389d53c43b96a96a832956c29c36b8b40,6114d655ea4d9c7641537a08db470cc7296ce37255f64b8671ff0239ca24e4db,False,V15C-HC2-HD4-OT15,HC2,HD4,OT15
CBV15C-0148,Test2,CB12_PARTITION_V1,12026,f1871c2c726db69a59baa4387b5daaf20cf4d994759be11f0454cd53752a2d98,6f1fabb30f33b72e1f496463a9be37969c4daa23a9923a23eca75350a015e56b,False,V15C-HC6-HD3-OT15,HC6,HD3,OT15
CBV15C-0149,Test3,CB12_PARTITION_V1,12026,85ca50b9ebfa5fd8f09892272a602f19de107f36e31f9567d32cf0f4edcc85be,eed9053be509e58f244549a6fe53923b91cf83ef0d3b5b339e2de725168efa2c,False,V15C-HC5-HD7-OT13,HC5,HD7,OT13
CBV15C-0150,Train,CB12_PARTITION_V1,12026,d53b30099b9c5d14e502afe40d552a51c1d9534e10b22cdfd86da633bc7371fc,2955f767838f70909ab0c1b8e54cbe75ae1cd31d1821dff2eac9adefd85f145f,False,V15C-HC3-HD1-OT6,HC3,HD1,OT6
CBV15C-0151,Test3,CB12_PARTITION_V1,12026,abc678be0710f59b377c49dce2b51bd2cd8cfea452054e5a549d200aaf292978,9499f7d19e8a196436417beacac401eebf9a5ed37270627ff10a3b765cb68f7e,False,V15C-HC1-HD4-OT6,HC1,HD4,OT6
CBV15C-0152,Test1,CB12_PARTITION_V1,12026,1073e18a297f923ec2006f04ea0e2995356c9f2140a01fee1d22f8967804476e,91b0f37dc6bc8fec2f2ed011b18ea75e87923e1c20e740df5cc8e57031dd62e0,False,V15C-HC5-HD2-OT7,HC5,HD2,OT7
CBV15C-0153,Test3,CB12_PARTITION_V1,12026,a7416dc1a3ebb8b6a92412d3c1d0e91af5d280a0e78a6a9b530f7a0ab62ac838,a7f13a2bfd3d0083b0d26348da39a448b99a398380892b0f8e15adddd685db0b,False,V15C-HC3-HD3-OT2,HC3,HD3,OT2
CBV15C-0154,Train,CB12_PARTITION_V1,12026,933d0b953d57c3b9f2ed40e53baf73638a0d0f87880b65534d687dcbf27f4ff0,9d9fdd1a8b06ed7f56870bd56e08b666211f891c3470ffe33a53a12eb6907d17,False,V15C-HC4-HD8-OT14,HC4,HD8,OT14
CBV15C-0155,Test2,CB12_PARTITION_V1,12026,9e35e8abedc4a32a84699d2ad0c9ab60e0d9d94cb85ec1f2da25c26fb65f2256,7358e953fe16f6d01bed07ad2dacdf88ba06cb7a7275ee3cb0844eebd5d0f871,False,V15C-HC2-HD1-OT4,HC2,HD1,OT4
CBV15C-0156,Test4,CB12_PARTITION_V1,12026,df023f1aa1b098249879eb66ed6821b25432cba013ea35ca58b062ae19676d69,a2adbb8c6edf517a123a46edd64a9e1c1ec549f38694195e9cbed638e41dd984,False,V15C-HC6-HD5-OT5,HC6,HD5,OT5
CBV15C-0157,Train,CB12_PARTITION_V1,12026,9b369de9ea3f3c52d9a0f721884fa7bd528fd480fd67926fb714e0f523174ca1,a7c709976f0c7a1dcf78b923398c40b5e618ffc54aa1b6c0372ef262909d62f7,False,V15C-HC9-HD6-OT2,HC9,HD6,OT2
CBV15C-0158,Test2,CB12_PARTITION_V1,12026,f935580517df797b2c9e648ae3c08407fdeb4b0f61121129f08e15eef7c6b584,180005a56199a1edaad8951b8363bd72bd9ee69b6b19fc1c0d6d21e8d4dc4ca0,False,V15C-HC7-HD2-OT11,HC7,HD2,OT11
CBV15C-0159,Train,CB12_PARTITION_V1,12026,488832aac2c0cc86a11f37173c0756b4b613a265ca35eb9e54754460eba04c3f,2f596bdf83678e4494fa2d2e35e45c77b681f5ff7925f7ce21b918b23f2f8114,False,V15C-HC8-HD4-OT5,HC8,HD4,OT5
CBV15C-0160,Test1,CB12_PARTITION_V1,12026,89da1bdecf4c4b7c8fe4801031c28d95b51eeba191c52d44a3d55b7f90450db4,5e15818d8dd895b9d17610c4b02d14fbd67e925bb1f5a67253bfa7ce0382cac5,False,V15C-HC5-HD3-OT6,HC5,HD3,OT6
CBV15C-0161,Train,CB12_PARTITION_V1,12026,a0ac2df346aeec0aefaeaef290d41749547eee521aadb8e5575094c32d342734,64f54ccebc463201b43f62c144ae8360fab5495591eddc6a7116e5c4411fce11,False,V15C-HC3-HD3-OT3,HC3,HD3,OT3
CBV15C-0162,Test1,CB12_PARTITION_V1,12026,76acaaa8f14ba8c510746695e6e9d7afa631986f5244c8c7cb475aa156219118,8073e64f65cfa9808102e2dd121c69426c22a9f44e99d06bd37ceef954bfe076,False,V15C-HC6-HD5-OT8,HC6,HD5,OT8
CBV15C-0163,Train,CB12_PARTITION_V1,12026,34be16928a9d0a9a2aed5eb290900e42e7b112dcf96e1514485dfa701375d854,961d76ed66124090a44a44364b98a5677a409c2a99f5bfb0636a16d53190624c,False,V15C-HC2-HD1-OT5,HC2,HD1,OT5
CBV15C-0164,Test4,CB12_PARTITION_V1,12026,3786fd8e42bd3f41be043d1ce824904d6b8894928a631ef840f8595792300193,907babe4327dbceacfc0eebc875465d2e8e84bfb061d003d53c0912e02befe8d,False,V15C-HC1-HD7-OT5,HC1,HD7,OT5
CBV15C-0165,Train,CB12_PARTITION_V1,12026,56a28f1b847530a8cdefd4ecc138eac2c5446dbeaabfa0a76c3a79c954308e55,245fa73dd5498b90e2dec35271008417d03ca045256d19c42ca67f56d76b9c84,False,V15C-HC8-HD2-OT8,HC8,HD2,OT8
CBV15C-0166,Test2,CB12_PARTITION_V1,12026,d82309be583d867b5104e707429e7fa75fe794473fcca2107dfa3d87998c399c,59dfde88f65c40643b88bf410e63a7740a496315cd7e2659b14fc27604b30ca7,False,V15C-HC7-HD6-OT6,HC7,HD6,OT6
CBV15C-0167,Test1,CB12_PARTITION_V1,12026,f1f342b1e52012d7894d1f25637969cf513cebaf7df2b856225ac58fdcb38841,3e12400f90379889a520155149affa3fcc4045d39477d7b705fc51ede1042583,False,V15C-HC4-HD4-OT6,HC4,HD4,OT6
CBV15C-0168,Test2,CB12_PARTITION_V1,12026,362611dcec7f8bcd620e4e50906ed7719ac67819d90ff24cc90696d988f9a383,f0687ebf91927fecd30268f94683689e63bafa9f7ae5a8b598d05b98fc189606,False,V15C-HC9-HD7-OT8,HC9,HD7,OT8
CBV15C-0169,Train,CB12_PARTITION_V1,12026,a6ba4ad41371b4e3eeffa593b98713025c097a889b035f8cacc6c89d67040280,90d1cb932d52af6c18224363fb44450f3c5f096268827f872b410cd3c470965b,False,V15C-HC3-HD8-OT1,HC3,HD8,OT1
CBV15C-0170,Train,CB12_PARTITION_V1,12026,052b0325631267e67f7373d69d73e67345717c2ba907b051c8986e9f8420d052,3a370567411b8fe5f384ae056edd3f27dce3dd32b9aaefb7caf79320e5a34c35,False,V15C-HC5-HD3-OT8,HC5,HD3,OT8
CBV15C-0171,Train,CB12_PARTITION_V1,12026,0e7e0f9c5f85d30efe94ab7cef329d3b97673dfd7c730a71ba3d1a3d3ac95101,77707206090513bee2915e43fb8d99acdfea0c6b9fed1ff60fca07f023d64b90,False,V15C-HC6-HD4-OT10,HC6,HD4,OT10
CBV15C-0172,Test3,CB12_PARTITION_V1,12026,86851f3c4d3751bcc49268dda3874d9325395dfb28f4a2ba7f41ad782f70e1bd,c67d6f7a5dcb9b0f20182ac389ab35750f11575a5edef6e948786a6f4471b477,False,V15C-HC2-HD1-OT5,HC2,HD1,OT5
CBV15C-0173,Train,CB12_PARTITION_V1,12026,b59b78b61a3066ee4eb745ccb951b449b3bdbc2b29442a0990763bf3774c7bbb,81d06965641d33d3d31afc05afb496be9d9652710b534e07fcb36e4be9411ef5,False,V15C-HC1-HD2-OT6,HC1,HD2,OT6
CBV15C-0174,Train,CB12_PARTITION_V1,12026,c31cccac3daca277d51ff6e43d17ec17ba30ff2d16b76871af09a1e5156d7ba3,367ca3a1f052a193716b8bdd293512d4e781877a8b335d73ddfb4a3c4ee591d1,False,V15C-HC3-HD3-OT15,HC3,HD3,OT15
CBV15C-0175,Test2,CB12_PARTITION_V1,12026,c1b52450c5749ea6bbfdd1f523ab5cbbff948dcd5230d49d819b4c238e89cd02,6115ad4c52b9ddc3078f72042ef17040e3f2a437c079d57caa9a88987bd73d81,False,V15C-HC5-HD4-OT13,HC5,HD4,OT13
CBV15C-0176,Test4,CB12_PARTITION_V1,12026,7688eb40541fac87cc4cebfc172bdf7a597ade8fb2eceadeece3863e9b8722d8,d88230065f04a0010f4127c5f8be1f6996692f0876334f551666e7db1c1091d4,False,V15C-HC7-HD5-OT11,HC7,HD5,OT11
CBV15C-0177,Test4,CB12_PARTITION_V1,12026,1dcccc7fc5bfb803ff1dc137891ef62f6a86554d20f2922c5334887345db3e46,a6ea47b2b5258ba7b85d05582c0e5401a8f70d821c4fd6f596cf7d637966e4e4,False,V15C-HC8-HD6-OT12,HC8,HD6,OT12
CBV15C-0178,Train,CB12_PARTITION_V1,12026,6a719f2948e947706c7081ff28c93ae6ee09a525b922313babb56fe0e39321e3,063474e2c283ddc4792f0cf28e9e212240d84aa2b9b36ab857b00d36a0456aa7,False,V15C-HC3-HD1-OT3,HC3,HD1,OT3
CBV15C-0179,Test1,CB12_PARTITION_V1,12026,395550d942fb207365e37f17404120f295dce20f99f104011623f7304caea55f,84944d048e7a99b616bf2c01ce0fe2d4bb81ce8cfbd2bd904e3035f92db0aecd,False,V15C-HC2-HD2-OT15,HC2,HD2,OT15
CBV15C-0180,Train,CB12_PARTITION_V1,12026,6b2f96df42fc4f132ea1c35e2c5c5933c1bee17410a72cc416959c2a0301f8c2,6dfd41056cfaff74558f511a66da4586550c8079f0cea6da8867f0ad35087669,False,V15C-HC6-HD8-OT6,HC6,HD8,OT6
CBV15C-0181,Train,CB12_PARTITION_V1,12026,fd64a017a1b8549a93deb245299113cc51c18068406af3e56a9181a478c17ae9,51b6c74106aca2cad21793daac1d6dfea7eeb3d8434f69819fd8abc49e91b55a,False,V15C-HC4-HD3-OT14,HC4,HD3,OT14
CBV15C-0182,Train,CB12_PARTITION_V1,12026,33bd4032488a5d6006e25159b898afe5839946617175c141aaa05d72583399d4,7f3400e69c7a80c7ba6f1c051401c925327dad42ba17928064bb35f8f328ed8f,False,V15C-HC9-HD7-OT13,HC9,HD7,OT13
CBV15C-0183,Test3,CB12_PARTITION_V1,12026,82064d6885629db2c2b598dd67b47363bc925e970dd07d31947de294ba8cf17c,0d33127e9018f8b7fcb026b7de77fd5d8b91cbc3c270d01436f9a6d81bcf4f4c,False,V15C-HC5-HD4-OT15,HC5,HD4,OT15
CBV15C-0184,Test3,CB12_PARTITION_V1,12026,a2b9e997a25de972d2b920726b1cb93af4afa97f7bf4ec28cb37436628e2e754,0e93da9b4144ed2a3fa4d52321a6144fe8905863a3c42cb4a0600e6e6a57908e,False,V15C-HC1-HD5-OT14,HC1,HD5,OT14
CBV15C-0185,Test4,CB12_PARTITION_V1,12026,880b98ec16cd93cfa4031b69a803601769ee0e23d636bfcc570f112897577d0e,9dc29c54d2fffedfb3d3ef41c401cee13910a0048dbee2ee98615d9e208211e2,False,V15C-HC3-HD2-OT2,HC3,HD2,OT2
CBV15C-0186,Test3,CB12_PARTITION_V1,12026,2aac5ced878bd65b58ca5d05035f9cd2d9ee884b15695586133b334008dbee69,b49d33d32aa7e3a714a9d34675c46b0ffa6a8f26c54cbe7c354ca1683093a2ee,False,V15C-HC8-HD1-OT8,HC8,HD1,OT8
CBV15C-0187,Train,CB12_PARTITION_V1,12026,31aed436a2985d393618871fbde1ba401f0bb06e62390c790404c8a43e7465aa,af49140316179ff4c49b1cd5cf4d180c3cfb506156862c159303aeaed13bb943,False,V15C-HC7-HD6-OT6,HC7,HD6,OT6
CBV15C-0188,Test4,CB12_PARTITION_V1,12026,f8b6b79e76c0919ffbacb08aa51887cfe1a681f017923aaa7b0a88d11a35fcd6,63f17b39388f4a6a48e4fe333f041f27d102dcbc0e389c3e9d2b80fc776cb2b5,False,V15C-HC2-HD3-OT3,HC2,HD3,OT3
CBV15C-0189,Test2,CB12_PARTITION_V1,12026,8ff1673e778bcf5a893db03c8491ddc93c9020b52cacdf4aabd3c1c358e8769c,af4e3db329ac2129dfd66f388cefbac43bc14a30b7e013b4b9fd66c1048a4bdf,False,V15C-HC6-HD1-OT8,HC6,HD1,OT8
CBV15C-0190,Train,CB12_PARTITION_V1,12026,697834f488015cea655d831fa98a09ee4533fc1dff0fc7c25ae89295637eb5e0,1d144c8e7a7cd83645419b40be2450512db69a0c295208df9e1885e952c1ed10,False,V15C-HC5-HD2-OT6,HC5,HD2,OT6
CBV15C-0192,Test2,CB12_PARTITION_V1,12026,3dd051129e5c22078b676f20b005783165908135a695e0777145b0697ce2500c,e92672171c616c7a3f6173183e5759b96ee68dcb6e1b8733ce472656da2a976f,False,V15C-HC9-HD7-OT13,HC9,HD7,OT13
CBV15C-0193,Test4,CB12_PARTITION_V1,12026,369021f399492186da774db6a0b54669c9602bb9403d99f7921f3eca5db45a94,e139ac4399f388132d0f0a382541dcfdedeefa4e39c2b7efbe128fbd4cbdd88e,False,V15C-HC4-HD8-OT9,HC4,HD8,OT9
CBV15C-0194,Test1,CB12_PARTITION_V1,12026,b9817cf553d230416789d549ea6c65f42d0af00fc9b56dceccb4cbb5dfb93aeb,9c3eeed087c4bc441e036e707e62f48229cb074014eb3624a852590dfb1d0353,False,V15C-HC1-HD3-OT5,HC1,HD3,OT5
CBV15C-0196,Train,CB12_PARTITION_V1,12026,02b02927658c7ba7879d10337e20da006ec75fce686ce0a099c83ee09bc19bfe,391a957c8e41971d025c67e269df91e4ba6bc7ce0012644bff5cbb2623855595,False,V15C-HC7-HD5-OT14,HC7,HD5,OT14
CBV15C-0197,Train,CB12_PARTITION_V1,12026,a3578f5604dacee9478f65e3ddde9686921204579aa91a6e898105494b08d8b4,ad2052b2aaa462401249f0363aebc2b75d2142b45caf98a42fa5db4f14cfa4e7,False,V15C-HC2-HD4-OT4,HC2,HD4,OT4
CBV15C-0198,Train,CB12_PARTITION_V1,12026,c8162124731b7431a6a8aa18bfbf8f9dd2b64781519df5b35231da2368e52373,b99edbdf700ae4dcc49c883d1c36b8877581ead4995bef9b80ac8d9eb62f132c,False,V15C-HC8-HD6-OT5,HC8,HD6,OT5
CBV15C-0199,Test3,CB12_PARTITION_V1,12026,0e289e2399ddc3accb69584e359ef8202e962b9c1a92ccb6146a578bb328d13c,d0eefe831d4b08b73cc8807850a98a5fed141788082a4c71b15de9560826a774,False,V15C-HC6-HD1-OT10,HC6,HD1,OT10
CBV15C-0200,Train,CB12_PARTITION_V1,12026,9436f461c522ef16774e4546658993da5a41e27a170e4419d24fe39d0067c36a,8b4aea503615c8f9ff4f8d62f4b71a1b344086e83bd471bb300a32c53dbd3d8d,False,V15C-HC3-HD2-OT6,HC3,HD2,OT6
CBV15C-0201,Train,CB12_PARTITION_V1,12026,b1f72794e5ed618dae539d7d71487961acea967abdbeb6248c2b12ddbdc074e4,d9865c1aae500bfd7565d3dcc148a2eca01d444947c642cfb16cbc4f215246a5,False,V15C-HC1-HD5-OT5,HC1,HD5,OT5
CBV15C-0202,Train,CB12_PARTITION_V1,12026,797718566cc4f36223f5353706309343b6300ccda7e42c1f3786ae450283c3f1,98f06565b8c35164bd8db6e1cbace3794f0c1b340be04c5af613693534c77ca5,False,V15C-HC5-HD3-OT13,HC5,HD3,OT13
CBV15C-0204,Train,CB12_PARTITION_V1,12026,0bf91898df8c709938733a063703f632fa6e2dc013a54879b4cc29c165d770fe,1a7406372793baac3470a755c09cfd4a7a5df5cea056234edad760d8e53f2aae,False,V15C-HC3-HD2-OT1,HC3,HD2,OT1
CBV15C-0205,Train,CB12_PARTITION_V1,12026,2c9ed559eebe5eeac5f63c60954c6c5194773ca1cb1d1b882a72ecf6168d7965,2d1ee43d25de7bf0d0657a4649e91d493fafc778f4c408a5781f905ac9ae8db6,False,V15C-HC2-HD1-OT5,HC2,HD1,OT5
CBV15C-0206,Train,CB12_PARTITION_V1,12026,4e8fb1482d5cfe6dc7e66ab6a3a42a5d72edacbc9f9bdb6b824805f76169e7f0,f4fad71d568f569b5ac472a1ea4c33d8a35b2d8646422c2e6576c37e92907313,False,V15C-HC4-HD4-OT15,HC4,HD4,OT15
CBV15C-0207,Test3,CB12_PARTITION_V1,12026,5b60b15a8fd0ab479c2916b167e5c200d8be196696dbf6f282d2cf43fafa1309,8d03e5e982df76edb072babe5301b3dc0d92c0df11ff2c41c389a95f7238b6f9,False,V15C-HC9-HD7-OT2,HC9,HD7,OT2
CBV15C-0208,Test2,CB12_PARTITION_V1,12026,b34abe315fd29fa933a1ecacbbaa409bbc998eb29d6ecb6dd6e53fbce0e3fc62,20049b37d1d2205dd34b4a02adff787f9d8d637c104cb6af63d91069711ce8ed,False,V15C-HC8-HD6-OT5,HC8,HD6,OT5
CBV15C-0209,Train,CB12_PARTITION_V1,12026,663825ddb61ef3f2120b3b05340d76cf2d6c097705d92f73b7833037a82f6e48,9469fb1a072ab2a8508fbecfe897298a7f4f2f15017fb9542e9bc6b614b0e3aa,False,V15C-HC7-HD3-OT8,HC7,HD3,OT8
CBV15C-0210,Train,CB12_PARTITION_V1,12026,7a68e4c189acf56c7b8dc98a0f9a3742beabcae45a70a131b4308d380fe30c4e,7075470e0618cea5721464af3c35bd7b04e1d66520f1ec5a19d5a163994b8082,False,V15C-HC5-HD1-OT8,HC5,HD1,OT8
CBV15C-0211,Train,CB12_PARTITION_V1,12026,485c5d0138046a3dfe075cabe1881120c0d66b9199759356bdb774f6c2fe1ec7,717171932a03d5822bd84f406da152d6c3d6fcda7b582220a496c66d3ea29aea,False,V15C-HC3-HD2-OT3,HC3,HD2,OT3
CBV15C-0212,Train,CB12_PARTITION_V1,12026,23e7a3ab8dbacf40205a2c54450cc0061fe18d95264710a580dbf6e01b4ed13f,f2445f662b420e0207b8de13ef22c997759e1b8fbf41c3b50d1cdcf42aacd1ad,False,V15C-HC1-HD4-OT14,HC1,HD4,OT14
CBV15C-0213,Test1,CB12_PARTITION_V1,12026,54bfcc42aebb61f2fbf284c8226e0297b26b8c3181d59c9ade699b1deb0b64d8,625f060148c30b6ba38c8c7d3c3d24f93bf29a843853c409c99f99986e578f0d,False,V15C-HC6-HD5-OT5,HC6,HD5,OT5
CBV15C-0214,Test4,CB12_PARTITION_V1,12026,865dab50f5f14531734d9d11b5ce82b5023da541dd8c659349c2dd0d48902adb,4b17221efc51cd323b8f0847fd5cc08e63369968818579c4fe65f6ebd77ff747,False,V15C-HC2-HD3-OT4,HC2,HD3,OT4
CBV15C-0215,Test4,CB12_PARTITION_V1,12026,bfe83b44bdbeeecd9c2df6a2ae97ec834547a8a9bba1050aff0edfc044eba7b5,2c436e1e26ee313a7eb89f8d730e48cae1dfa99c56b9dd8d51d710f02a0671e9,False,V15C-HC7-HD6-OT6,HC7,HD6,OT6
CBV15C-0216,Test4,CB12_PARTITION_V1,12026,8790ecee461844c868d5431629a4469c8706986922f5752d0cfcc4c2f74b49c6,0e070f2bfd3a857d2c1f130ed71ed78685082b69ecdbad856e038599bff61b61,False,V15C-HC8-HD7-OT8,HC8,HD7,OT8
CBV15C-0217,Test4,CB12_PARTITION_V1,12026,7a9aa652897b605ba23f283d26bc33db130dd127b2eb9ff3acda9d04ccf7156c,444442b6b46a19870db58e78ac7185817807d82639f234cc628a934e1b914dd4,False,V15C-HC4-HD8-OT6,HC4,HD8,OT6
CBV15C-0218,Train,CB12_PARTITION_V1,12026,60011b2c5a8d5b75fcdc83b878354877f32747266ef31ddf70dcc360615fe577,fca6057c202a7dbc4d7ecfd8594ccb71da40b0d793c7959822869eba24b8c77f,False,V15C-HC3-HD1-OT6,HC3,HD1,OT6
CBV15C-0219,Train,CB12_PARTITION_V1,12026,b6be3876d16a43f8c765f43e1187387baaf8f043759d88e5bd9f598fb7f212b5,0966ccdb2bb789a5990de821d37466e67632ac2824d527dc04186df1e7940f66,False,V15C-HC9-HD5-OT8,HC9,HD5,OT8
CBV15C-0220,Test4,CB12_PARTITION_V1,12026,ce77714455f2ebeaa33c1f8121a156358bf689520f03addf7dfb0e65889298c3,90ae442999207a3e9f424cebcbaa0f9194e832261b6815158aa4b281ec07f0e5,False,V15C-HC5-HD4-OT15,HC5,HD4,OT15
CBV15C-0221,Test4,CB12_PARTITION_V1,12026,20376e72293d1afe11423be0f3717cec27137faeb7c14b17a6d48a8b183d997f,3379f943f0a920b45c95e290009fc313ed2d2c8ac90be19057c4dcf5bfb3a621,False,V15C-HC2-HD2-OT15,HC2,HD2,OT15
CBV15C-0222,Test1,CB12_PARTITION_V1,12026,34ad241478de69e4e66a2aa0c84bfa97ed18d3018316dda493363be541b98a88,292d509802c4f5c377f1dea04bd92bbd2e82bc6e88513671d98cb67e586b578e,False,V15C-HC6-HD3-OT6,HC6,HD3,OT6
CBV15C-0224,Train,CB12_PARTITION_V1,12026,914ab42dfeedabc8bb19ee6e723d3b85644fc224615e52950da6e7241767eae7,3a8a310a368b5941520bd5952e84464f89105028f9b4e2eb8fe4dd4e09a7da86,False,V15C-HC3-HD1-OT14,HC3,HD1,OT14
CBV15C-0225,Train,CB12_PARTITION_V1,12026,d50b161703ca2f2582b3ed3c2ffc4b50478c9c8ab9cd7ee816d8c147b3bf4721,8f5d3d47be1a71e4e023f632f24f965e94a91ac622c8c29bd22e1265d7644b99,False,V15C-HC5-HD4-OT6,HC5,HD4,OT6
CBV15C-0226,Test3,CB12_PARTITION_V1,12026,0b74a7f7fdaec49289faff3cf1bf794b49992d4c434a752689fa434dbde0978d,33862d7daccd77207711187f55485ba1a6526d8ccba2d727d58fab5fab7cff77,False,V15C-HC7-HD3-OT11,HC7,HD3,OT11
CBV15C-0227,Train,CB12_PARTITION_V1,12026,110194b2d9a9920ef64b9213f3b776c67a2c82292956b5e035d9020f6b7c5237,d769cee9bcefecc22dd634b390a91196e7872dc2e61336b2a0f222a41d13ee1f,False,V15C-HC8-HD7-OT12,HC8,HD7,OT12
CBV15C-0228,Train,CB12_PARTITION_V1,12026,2d4162867f202c26128505ca3380f30eea08ccb7bf0bb84f573144857594766b,680170edabf7c213ceb9a87915b04d727a8e59a67d8be27aeaf7fba3f697b276,False,V15C-HC6-HD6-OT5,HC6,HD6,OT5
CBV15C-0229,Test3,CB12_PARTITION_V1,12026,d1850c86751ce4e871a161261391672972a1694f506f983f864735259f2d1715,38fc19a65c0e850a7c2ab174c7dc767d11119ea3809b2ed07614c8c322ad5ce2,False,V15C-HC3-HD8-OT2,HC3,HD8,OT2
CBV15C-0230,Test2,CB12_PARTITION_V1,12026,ee52fc93d6b5032614d94222fd6274c4f7ee22a7e66f3d9b4eb2c11419357e87,6e8581facf633f7983f3b5cfd0219f1a8b5e303b41b8b3bfb05845c542aac324,False,V15C-HC2-HD3-OT3,HC2,HD3,OT3
CBV15C-0231,Test2,CB12_PARTITION_V1,12026,a84aaa1b10b0a0b0f95e03f3d19fa985a65080081d0396f1be039221f6cf85c3,431da1ebe6a3f370c72216d0cee8c0209f6376d4373ff1d8013993328a1a4528,False,V15C-HC9-HD5-OT6,HC9,HD5,OT6
CBV15C-0232,Train,CB12_PARTITION_V1,12026,f17838b131094ad07fb72b136bd1a22f4357547b764c7658279549784a34205a,77c44bb3f6927c28d198055c2520d65cebf9a30fcac8f41b5f9517c789ef8eae,False,V15C-HC4-HD4-OT1,HC4,HD4,OT1
CBV15C-0233,Train,CB12_PARTITION_V1,12026,41b1f3790285f68c9602107e9ad3072acd804b5b58a549107ff4487e05f9738d,61cc197411734aeaa285cb46adad8b2e0c50eb5ffabb77fff4a7db801c297236,False,V15C-HC5-HD1-OT13,HC5,HD1,OT13
CBV15C-0235,Test2,CB12_PARTITION_V1,12026,7a296d808931809a544d7c9d584a50b3191be0e4b9b13b69653f9c30891ddcf0,5d19464d86b0e554b6fe1cdf47eb09652060405f877c65fe3ef28dc236c843e3,False,V15C-HC3-HD3-OT14,HC3,HD3,OT14
CBV15C-0236,Train,CB12_PARTITION_V1,12026,d7457b89229670e28b6ec247b837bb7f8e4ab8960adbd222f7a1a92ec3b7ced3,b31e3272f51eff6a012e1ea283f821a3d2ea0b03db0784bad47eac1427238521,False,V15C-HC7-HD6-OT8,HC7,HD6,OT8
CBV15C-0237,Train,CB12_PARTITION_V1,12026,121225185a7cdf1dfac9c8eb6a4980742766b729de556b6255109e19b237cc3f,829d3c778f2d4cbc250a3754ed46f3fded55d800c1fc3b0a3d3081a411838768,False,V15C-HC8-HD7-OT5,HC8,HD7,OT5
CBV15C-0238,Test4,CB12_PARTITION_V1,12026,c3c7fd13440751133b827c8fce0090bb27d052f5e14e0790092666ec81142cfb,7c93c903c73d4236a214f3b99a89c223c83b2aaa18fcdebf64324631e795b9d2,False,V15C-HC6-HD4-OT14,HC6,HD4,OT14
CBV15C-0239,Test2,CB12_PARTITION_V1,12026,3cb973504aa5380d7be5e4649b04336977ad717a8e504f8e96030c62610e7c85,9a1eaf80ef915f0d748e0d569f75c0a4760b41bbeaeca4f81e6a961e1d4433bb,False,V15C-HC2-HD1-OT15,HC2,HD1,OT15
CBV15C-0240,Train,CB12_PARTITION_V1,12026,d8e79ede5535836fc70a05ae63f81d2000eaabdd430841ae8fc90b17efbc15c9,bf79544a78f564b8e8bce8a151b6ac14b287da69fb09fd0553b2edcc001daa2a,False,V15C-HC5-HD2-OT7,HC5,HD2,OT7
CBV15C-0241,Train,CB12_PARTITION_V1,12026,0e1f97b574c9d874490a94c4e76466c5023f517ecd8bc3fa9478fdc95c401812,6608a338dbb62454d84d8fcc6712aba1e067210fe7e34f7c947ed7e76fe2482e,False,V15C-HC9-HD5-OT11,HC9,HD5,OT11
CBV15C-0243,Test4,CB12_PARTITION_V1,12026,9581258eb8f9c4078cf987f5f59d861e1d738e7a25b10dc105afa85910ab3484,d7c9a1e1fd4f7d53f6ac76ca1b88e8a5c843496d8c244689cf387262d77a0fc2,False,V15C-HC3-HD3-OT15,HC3,HD3,OT15
CBV15C-0245,Train,CB12_PARTITION_V1,12026,af1a5b69803dc033098ae86d92d3013f58b73145cc6bfdaeb0e507c03726c01c,f92ab710fe1152499f953593a25f2c8a829a64d91125bb00af6802ac4a022f5d,False,V15C-HC5-HD2-OT8,HC5,HD2,OT8
CBV15C-0246,Train,CB12_PARTITION_V1,12026,4f428ff07858cda50b04a03453bcb5357008d14ba6b3abd56d76cc2c70f16291,229e4b11ca31f0237e93a5c07ecf4f5b7fc0a11e6934c49e0785e10d228eaa5e,False,V15C-HC2-HD4-OT5,HC2,HD4,OT5
CBV15C-0248,Test2,CB12_PARTITION_V1,12026,7cabcda64613c341dd25a7a75c1405f53e3672f2b593c20da0bd82160c19685b,023b90b9102b31acd3f1b5e3377e5aa59cc27fa067e3ceed35594bb023f5e367,False,V15C-HC8-HD3-OT8,HC8,HD3,OT8
CBV15C-0249,Train,CB12_PARTITION_V1,12026,fca043ca40f23736b8778d3db45bc87c8c107828bea047c72accbf3f7ef6f003,d6c83b0253bb7667c1a1f722409e63dd0768b171a5b8ed7f41517cc482912bb9,False,V15C-HC7-HD2-OT8,HC7,HD2,OT8
CBV15C-0250,Train,CB12_PARTITION_V1,12026,b4e8e1d29b6351a1a677aa7222a202f25d115a07e377dc7f83cac1fb8324bdab,28b3337f63e97a5e91ce853735b10745d86e02357024b600166f388ba3063520,False,V15C-HC3-HD4-OT1,HC3,HD4,OT1
CBV15C-0252,Test3,CB12_PARTITION_V1,12026,7ee86ec795867781b8d7b7c91c49e146c801d5497c81ff344a95323c0d5d36cf,8f1b1b9c4825f85f1dd2eb9be68a7085974a67496a0eeb7c8a204c2347371a3a,False,V15C-HC5-HD1-OT15,HC5,HD1,OT15
CBV15C-0253,Test1,CB12_PARTITION_V1,12026,d7c78569f3ac8bce305f3384415bc50753aa25843393e8b249fb67f0caea82b6,d618c2afe0e56c22501eaca93726e4eb99d3c3c29ec91656867c1c33a527cf17,False,V15C-HC4-HD3-OT15,HC4,HD3,OT15
CBV15C-0254,Test4,CB12_PARTITION_V1,12026,8dedae8c64a0ab4ca5128f723109aefbc392e8d9552278127a5b4001274ae6b1,19168cd293b7da8bf69e56ac0ed24d0280570bb155132d870b736e7005d94d3b,False,V15C-HC9-HD5-OT8,HC9,HD5,OT8
CBV15C-0255,Train,CB12_PARTITION_V1,12026,3f96f92ddceb653f732b13d5cdea10cccb5b3ea9f21a8069bd8e88ea83a00ebc,e17a531f044848e273d0c6a1b121febda98f0d1ce0325545003b2b38703a2298,False,V15C-HC2-HD8-OT4,HC2,HD8,OT4
CBV15C-0256,Test2,CB12_PARTITION_V1,12026,8753c848d5911039823d82a8ce9796f23a934871ee5ed7533c94115e3e56c4e9,4dbf97135ad0f247aaeb02a083446a8e78487a5a93f06f91236f7d9ab7a4618a,False,V15C-HC3-HD1-OT14,HC3,HD1,OT14
CBV15C-0257,Train,CB12_PARTITION_V1,12026,371602bda0c315a3bc783e14687e20e31776f4e0e1dd7a67e78988cf5419809a,ccf905a8c4b3b810b62f56d8d4acaac6f88450c828097bdf589d17a38939b823,False,V15C-HC6-HD6-OT8,HC6,HD6,OT8
CBV15C-0258,Train,CB12_PARTITION_V1,12026,66ed66950f25b5471a976a90794f29ab2ffd27f53c0a500b8f210e928ff72d53,9f0e790eab6e6170c294f4b75dd06d1795dd549a068be5d308782e3ee803c004,False,V15C-HC8-HD2-OT12,HC8,HD2,OT12
CBV15C-0259,Train,CB12_PARTITION_V1,12026,fab96a39f08e9bd7a3c791aceb0a724ff396610018ccdd02268a78fc6b2a85bd,24aac8c0172f9d81ec7eb77e4fd75ebb0a9f61aca2e444154c75ad48824fb608,False,V15C-HC7-HD3-OT6,HC7,HD3,OT6
CBV15C-0260,Train,CB12_PARTITION_V1,12026,b340b8417fcc7681909eab741e0004e646758c7b5d044eae8aac2a97c3b2d456,0b1e45d4c0143235ec6c5664a359b6ce60c0ff60cbf07957dab5cdbc2e4fbb06,False,V15C-HC5-HD4-OT14,HC5,HD4,OT14
CBV15C-0262,Train,CB12_PARTITION_V1,12026,8be7bc8df60f9e01da822e85c9d1a7c59b91d2e0b3305520756d321607069f36,0d3b2ce942a74d4acc50424ee4e87d9a08330494024feedb6aa51ad2f73a08b1,False,V15C-HC1-HD7-OT5,HC1,HD7,OT5
CBV15C-0263,Train,CB12_PARTITION_V1,12026,dc4b8e1bf3dfef83184b423b5e8b5da43e57c0db52a6a393fed352e8aa76a651,7e78c1c41bf382f1df822dc3497bc695a4660ec8a47e80ca2d2c908016a26dc4,False,V15C-HC2-HD4-OT3,HC2,HD4,OT3
CBV15C-0264,Train,CB12_PARTITION_V1,12026,e132429d6724c7dacd25e8576939c49c2b1945ec6ac483e6672a883b450cad14,115be467913946ffc1f37a275c272a17b5e2db55aeb064ce3753e511260be574,False,V15C-HC6-HD5-OT15,HC6,HD5,OT15
CBV15C-0265,Test3,CB12_PARTITION_V1,12026,4793aa97ff28227ba30d5dd79c8ab86602c634f7e825043a3084d4d6eaf098f4,8bb9a331d7a4382196ce94ab652cb0806b1c31c0b27dccbec2175591f257d6e5,False,V15C-HC7-HD2-OT11,HC7,HD2,OT11
CBV15C-0266,Test1,CB12_PARTITION_V1,12026,89429bb690a1feae35146431738e448e83614241357fefadfcac10ddb7e8a1cb,fa57820d49d1b245c73b50ade1e983a4065c3c96fa002b6f42b9ae05b7fb8575,False,V15C-HC8-HD1-OT5,HC8,HD1,OT5
CBV15C-0267,Test1,CB12_PARTITION_V1,12026,eabb838ecd7262de1b9db27847537eea87d17a7dc41d6bf0a4746bfd0a11cc8e,ab80ee03c3655e7eebee1ed974b1f34f82018bc0d178eb8a36327a3f52815453,False,V15C-HC3-HD8-OT1,HC3,HD8,OT1
CBV15C-0268,Train,CB12_PARTITION_V1,12026,3883db6f65bf81d52d1710ce8a1c628cfe5f07889575448a146a477373aed71e,e75a66b02902fd7aa55cb421291fb7fb0755290e85c933b35a939a370acf825d,False,V15C-HC9-HD6-OT13,HC9,HD6,OT13
CBV15C-0269,Test2,CB12_PARTITION_V1,12026,87a711650b640cef8278ef8b9f7b4876b94a365b53a00cf4da829431372ba304,b8e8d301e8e56cb5346fce40555b1f14e3fe7ee95833fb2dd97c3ea1702fcceb,False,V15C-HC4-HD3-OT6,HC4,HD3,OT6
CBV15C-0270,Train,CB12_PARTITION_V1,12026,5c98558bb00e0dd2d56a047619559f76b92aeac9e3d0d410a3323aa05300bde8,8bb1137343fe69e2d4fb794ceb8b572796eca0bdc625924f26e85f0af1ca88be,False,V15C-HC5-HD7-OT13,HC5,HD7,OT13
CBV15C-0271,Test1,CB12_PARTITION_V1,12026,11d25d1f2395df3b48ab8912b2ed6315ecffc982286bd1c4642a51a56c483f54,d01c29db84c6bf29f23e0f82def7367283333804e0e6a5d90bac2244b6036a35,False,V15C-HC6-HD4-OT8,HC6,HD4,OT8
CBV15C-0272,Test4,CB12_PARTITION_V1,12026,d0a275d221312baa252e2ff2696e99da7e8a252285def07038ffcc23cc9dbcad,151d3f6ffecf22797bc6d68fff6add060c7710245a051609165dafeb4ed75701,False,V15C-HC2-HD2-OT3,HC2,HD2,OT3
CBV15C-0273,Train,CB12_PARTITION_V1,12026,aa982471428de23e258e8ab43a8efd7036bf2b4a8249de2252ea4b13dcc73e65,9907714ec0a75c4e205edc3a7594d18cf20d2a6592bcea6f30bb2cbea4867c40,False,V15C-HC1-HD1-OT6,HC1,HD1,OT6
CBV15C-0274,Train,CB12_PARTITION_V1,12026,a54649c8164959979d61e172457ba04e2af4464cadd7014f1eca3ce9d51cffa7,3f26a49c72891b12b2b0ac899dc1d1baed9b0043ced9fab718ad94fd38622ddd,False,V15C-HC3-HD3-OT6,HC3,HD3,OT6
CBV15C-0275,Train,CB12_PARTITION_V1,12026,9b46abb95a16f8a865711e35717a86ff1475a13741636e5de3136c05e12e2f5a,22c5bc081902c7e97580f5e49c65cae0e48fb33ded876288be372607bcd87680,False,V15C-HC5-HD1-OT7,HC5,HD1,OT7
CBV15C-0276,Train,CB12_PARTITION_V1,12026,5bfc8b69c8285c84a0344ebd655cc201738223011846fcd8393e03f343ef3108,dfb0e854228ce45feec0329333909d9b277e91b223323def8ac12ceb9decc02f,False,V15C-HC7-HD5-OT6,HC7,HD5,OT6
CBV15C-0277,Train,CB12_PARTITION_V1,12026,6dff253bea969ea5a44df3d84e1f07df3a07f6a329eb462ea0e70cc80ebdc937,e33802794181927284db707bc84cd0fb17b3e6591668b6756c92248e923a9d08,False,V15C-HC8-HD6-OT8,HC8,HD6,OT8
CBV15C-0280,Train,CB12_PARTITION_V1,12026,da114c57339f8ae000f6cd6feb1a5254eba62d60ca5a53748a4d1ba954a05d18,897babbaee40b142cdb4a655cc2a36520796a1b67c35e4dcfe4206245505d791,False,V15C-HC4-HD8-OT1,HC4,HD8,OT1
CBV15C-0281,Train,CB12_PARTITION_V1,12026,44ebe2118090050f0dcad851d6697b0c52621e60b032f5690c2d0fd2f32a353a,0e42a89de47fa8d4b1578d5a946b1706db2b6125eb688d1337f3406ca63ad00b,False,V15C-HC9-HD7-OT11,HC9,HD7,OT11
CBV15C-0282,Train,CB12_PARTITION_V1,12026,d29886dacb0544a70549ce94f83577554d129cce9c5df61767139c63b81fc4ca,e36a77e34135a6a2eefe597747facb31809384bcbd96602d87d00a516ed3f0bd,False,V15C-HC3-HD3-OT2,HC3,HD3,OT2
CBV15C-0283,Test4,CB12_PARTITION_V1,12026,deeb804d9c1eef50c8fe2ef717f01cc5404b49755c0e4dea2a2a382aafd26df9,00e9f9620bcafbe9d194a6ab251275c555bebcea600983ba340191b6ae8be4dc,False,V15C-HC5-HD4-OT8,HC5,HD4,OT8
CBV15C-0285,Test1,CB12_PARTITION_V1,12026,1eed5cd9c6ed433fceddb6b8b71f84f5fb2fcb05344c8761a7956e3635588719,423cb8b6db1bdc29fb57bd5b8b9f4fe5b731d0a5bcc0c7a23e4db67f1697cdc5,False,V15C-HC3-HD1-OT14,HC3,HD1,OT14
CBV15C-0286,Test4,CB12_PARTITION_V1,12026,ac1253eeedebcee8a866d7c19956bc91cea6667da5e3923628d57a5ff68a44fb,f3bcbfff8c1e86c1ac671c6f02c3197965f2b0668b5be51de3911712bbf13ca9,False,V15C-HC7-HD2-OT11,HC7,HD2,OT11
CBV15C-0287,Train,CB12_PARTITION_V1,12026,11adb69f0c8ca6d743160718f322719c49f45410de89383c3b8e5355b2395d6c,b00aa2c94840341004e2d5e372f2e075145e28e287ecd818ac1cb79a4a873abd,False,V15C-HC8-HD3-OT12,HC8,HD3,OT12
CBV15C-0288,Test2,CB12_PARTITION_V1,12026,d2b45aa81b03d8a8e53e1bc71ac48cd83879aba59bf3b2b4e4962d689fac7886,3d9b93b18686b2202cbb7b8a9951a1e49f5a6bc92d86f2f6186b7cf2d0ba6a35,False,V15C-HC6-HD6-OT5,HC6,HD6,OT5
CBV15C-0289,Train,CB12_PARTITION_V1,12026,e49a3f5d53da7689ca021b553bea80db6338edf2737329e8a4e9dc237b46b367,2d7a1f7dd8dc2184983056d3f4cb6414d6cf85643591dda2e8b3499ef319549a,False,V15C-HC2-HD3-OT4,HC2,HD3,OT4
CBV15C-0291,Train,CB12_PARTITION_V1,12026,3dbc438bf94e1391469ad52da8ab39fec3f2a5375abd2aaff5db165a54d8b591,c510be282483d79d00a87a98920b77ed3f86cca5f170c82e28256cf0f9d8ca87,False,V15C-HC9-HD7-OT6,HC9,HD7,OT6
CBV15C-0292,Train,CB12_PARTITION_V1,12026,36e85581fcf7d47c48baa78fed18bc9dde94fb5fb151fc69b947909de7ec7e2e,891f8ead0d14cf6119c8a622ba64baaa76982a697a0779696968aef4800f9183,False,V15C-HC4-HD2-OT9,HC4,HD2,OT9
CBV15C-0293,Train,CB12_PARTITION_V1,12026,95d5d378097e9c14d604121a809b8a552067a2bc6f1b61a215dcac077c476224,c781828ed6adb01e41a50619a3c725f40a11185cffc6b2ca9ea54fdb087105f1,False,V15C-HC1-HD4-OT5,HC1,HD4,OT5
CBV15C-0295,Test2,CB12_PARTITION_V1,12026,4dd8210b53cee90507e178edd6f24fba0b1255a11e3cbc4f5d79184f131ab28a,28aa641ac1daba74302836dd98f7375b5e743b3c210f9387867ff711782deb23,False,V15C-HC5-HD3-OT6,HC5,HD3,OT6
CBV15C-0296,Test2,CB12_PARTITION_V1,12026,c8580b1912828cdfd2f6f6127fa946b886d021e4925d979b8369bcc0f888f15b,e5cb86fe191f85c4bd18fab0a2b351934ee18c0ca71419bf26bafc7c579ccf4e,False,V15C-HC6-HD5-OT10,HC6,HD5,OT10
CBV15C-0298,Train,CB12_PARTITION_V1,12026,dd79c8765b33cdc1e76a9ef41a318822637c567d7577b39e13bd7a67e2d9e4ad,3e2622152572a5914ca57e3e79a5d20826b9006e5c40a1e7ba6f9d683f4b9141,False,V15C-HC7-HD6-OT8,HC7,HD6,OT8
CBV15C-0299,Test3,CB12_PARTITION_V1,12026,dc2b67de8b318e98ede10091ee9cd98ebdbb26504ea5a7353ced1b57c462bc19,a475a4735aeaf039e56f021508b48590e570811ea387288b983b9a9ed64d2691,False,V15C-HC8-HD4-OT5,HC8,HD4,OT5
CBV15C-0300,Train,CB12_PARTITION_V1,12026,72ff70307c08f74b8a846e7152324e5225a6d18bbd7a9eaaafd260948f75ea9e,fa2509cb6ca780a5f4dbbb0f5fc08da96b115bbc0e5f86b95f138a8d5afa6553,False,V15C-HC3-HD2-OT3,HC3,HD2,OT3
CBV15C-0302,Test3,CB12_PARTITION_V1,12026,f139f37d33a7b3d99045f2f2a5256869de2c2dd6eac0bdd82513190da7121928,4336c686b83bf1ae290bcaeefbc48251300d14af0e7f5c853d2d9002ce5b06f5,False,V15C-HC5-HD3-OT15,HC5,HD3,OT15
CBV15C-0303,Test4,CB12_PARTITION_V1,12026,0541e86da7893c8f9d10e8a7ea2bc19ec4b148c966b3d1cde288a708fcc07066,5571eb61cfcf1d7ad468df0220a3449af0fd9fbf0cd0c8a61df9a444ca38af5c,False,V15C-HC3-HD8-OT1,HC3,HD8,OT1
CBV15C-0304,Test2,CB12_PARTITION_V1,12026,a2f0ae43eea6c8d969788a3223fce3750f0fb11e3ea0b1c39a94e56df1266328,e7139c46e41a5848c1d72ce8f2656296ddd94e913008a6aed69c035239bbaf7a,False,V15C-HC2-HD4-OT4,HC2,HD4,OT4
CBV15C-0305,Test1,CB12_PARTITION_V1,12026,5513e8ace7784b23e64824d9f24416233229d30d854326ca05c30e74fa783095,e4612b5c8787ae41da856245edeb3772490b5cc83e893e93382f350e706199be,False,V15C-HC9-HD7-OT2,HC9,HD7,OT2
CBV15C-0306,Train,CB12_PARTITION_V1,12026,267ff22e375c486061a960718a54d47796c0e9f299b792976b55aac8cf8a3b00,be715d50862814e092b7529e0bbd7d12406a54fb6d048c1bd7c9a5a80a1e423f,False,V15C-HC6-HD2-OT15,HC6,HD2,OT15
CBV15C-0307,Test4,CB12_PARTITION_V1,12026,c2b082337f36273d9e2d32a4d576c8b2f2a6d46380fa6ed4bd0088a3b8bfcd84,f65ffb071fbf5ff0d1910afad9e516201a2f83add8a9ba80dfea26b028b3e896,False,V15C-HC4-HD1-OT1,HC4,HD1,OT1
CBV15C-0308,Test1,CB12_PARTITION_V1,12026,ba5418148ae74a0312495c5bd928656ac1a534d39a815860048a299d9ffcc9af,ba7f5d47f1928dbae3c8bc61f5b3b21ab373080c0577cad814c0117606643249,False,V15C-HC7-HD6-OT6,HC7,HD6,OT6
CBV15C-0309,Train,CB12_PARTITION_V1,12026,2f530601972017acdaa23ed603877ca2d1ad1013a238dda3e592a057f6a68f69,359fc72506e5ffcbb6004e174398f850363c5327e908360442d543aeab51ac20,False,V15C-HC8-HD3-OT8,HC8,HD3,OT8
CBV15C-0310,Train,CB12_PARTITION_V1,12026,692281cb032c3226f918c1cb642da002323559ee579ba0ef2c937dc0b1d6b3ec,8869f727a4dd08c35e5b7bcf88f591d00202715e85fb801983eb8f20bcca555f,False,V15C-HC5-HD1-OT7,HC5,HD1,OT7
CBV15C-0311,Test4,CB12_PARTITION_V1,12026,1cf2416af86e5edf4bdda7505ae556e7732df02fe4f0cc9c2068129d0de43177,cd66c6bedfc9a7ad537c151d7df9ca2e5663e1438d03ee0e722c913c2d83983f,False,V15C-HC3-HD2-OT6,HC3,HD2,OT6
CBV15C-0312,Train,CB12_PARTITION_V1,12026,fdce265f0fac9b0d003e7a05ecb99c8c363de7317d85334d645acc18c44f804f,63c5785921c1d7141156ac7d1465c5cf0291cc466a9730268126e8d1b95bf5ab,False,V15C-HC1-HD5-OT6,HC1,HD5,OT6
CBV15C-0313,Test1,CB12_PARTITION_V1,12026,77f3403d498428c5600668fee6bca79008dea61b4449005b227afb330fdec4ed,76e9c129e3391259b19dece93831b072233f718621fddffe6bc061e7148e9cc5,False,V15C-HC2-HD4-OT3,HC2,HD4,OT3
CBV15C-0314,Train,CB12_PARTITION_V1,12026,4feffe747047d19c203ec904e2566b1095ba62aa0e63c21a1eec9ce27567669f,d2c9092b0c909836556da3b3bb2280e8928509a478e11cd749fba5db3a503a7f,False,V15C-HC6-HD3-OT5,HC6,HD3,OT5
CBV15C-0315,Train,CB12_PARTITION_V1,12026,509340b70faf4f1db034c6c45b0915a5d847512ac2442e9e5a5afeeb10302f25,ad84c0644f3823699a5cef88c40f6b636ab8a39ee5198857d113f3169823cf93,False,V15C-HC5-HD7-OT6,HC5,HD7,OT6
CBV15C-0317,Test4,CB12_PARTITION_V1,12026,086ad58ed0a3bcda0a2ef2ddbe70011d68b197b77dd5c21cfdd12efb81b3108d,abdd412fbc98ac50f79426765f707c22f6e97d14ee0998fdc47db566e7e14ff8,False,V15C-HC9-HD6-OT13,HC9,HD6,OT13
CBV15C-0318,Train,CB12_PARTITION_V1,12026,082c6b21b828444baa4ecf582a9a5f1d97525ec9a9769418d0b13e9d15b4171e,f6d6e3621c97a68af02a216809c7e796618b75f57bf1e66805d418ce7707e227,False,V15C-HC4-HD1-OT6,HC4,HD1,OT6
CBV15C-0319,Train,CB12_PARTITION_V1,12026,1197603e73faee8c670b83e4899c5bf9cfa616f9393c365430c4224fdb71d68f,7046412ec003c4d4aa6ed42d8e7850bee52452456e8fe67a6301589e5c50ed23,False,V15C-HC8-HD4-OT12,HC8,HD4,OT12
CBV15C-0320,Train,CB12_PARTITION_V1,12026,f9176bde38656edd53f3f6916c44cda774b9503274cdbf6bbc628a95c8e946cb,a110256e92dc3fb9a5225d21764a84e59566befc4adc73e519448bb5d0895ffa,False,V15C-HC7-HD2-OT14,HC7,HD2,OT14
CBV15C-0321,Train,CB12_PARTITION_V1,12026,985acfd17d55484b3ef3eca0c582454fadadc05a424dcfeccab6497e8381d578,ed8c98aefe350b33607c0b283dc8f437795da2c0d677f306bddd6bde23faf553,False,V15C-HC2-HD3-OT15,HC2,HD3,OT15
CBV15C-0322,Test4,CB12_PARTITION_V1,12026,ecaf1c3ca0676e11f59ba7415313ac09d1235e7baee02f91ada839ed2fe03d3b,a79792425ef4f3e7e100838c3492831c5dda42e3f4165d7c161b51e1e4b409ac,False,V15C-HC6-HD5-OT15,HC6,HD5,OT15
CBV15C-0323,Test3,CB12_PARTITION_V1,12026,97b482dea2acf0907918d2a0173489224e374abf567cfa16b99504ccaaddaf5b,2cf95e9479bd9f3987e58bc9e54f1d163a682933ae0c594a16544d1862c8d697,False,V15C-HC1-HD7-OT5,HC1,HD7,OT5
CBV15C-0324,Test2,CB12_PARTITION_V1,12026,7695ce15653f3453f67d98a6e78446e2fef6b5d0798abc6333fed375e94470c6,efc4fadd7cb00314ef1fc3bf7cad8a14b9c44a41be65f0e054ab07e380ce5a74,False,V15C-HC3-HD3-OT2,HC3,HD3,OT2
CBV15C-0325,Train,CB12_PARTITION_V1,12026,3414155765f060079496ad2ec35ada131ab674ca49627299c9d04607184505f2,5a09ee70f3849b221c03140258a3829b0ebeff444935b1b2de971e52b58a2b9f,False,V15C-HC5-HD4-OT13,HC5,HD4,OT13
CBV15C-0326,Train,CB12_PARTITION_V1,12026,f6aa1bcdb565f596ab4117a0a9b33c1e8c79adbbf0d68130fd9a7171abe7ce7a,318152d7eb4684a151eba77dd99791cdbade24c717ed57fd24fe62580fb52311,False,V15C-HC7-HD2-OT8,HC7,HD2,OT8
CBV15C-0328,Test1,CB12_PARTITION_V1,12026,fba0078f690069a80c8b7572515733a86884606588397fa12e4e6d9c2691b4f1,5e384e38c5607800081f64dafb6e446e6725d7be471645795998d9c29eaeaf2c,False,V15C-HC6-HD6-OT6,HC6,HD6,OT6
CBV15C-0329,Train,CB12_PARTITION_V1,12026,22383370c32004646d4f7a078b547cc07b08e5a5e9e94d9d5fd86660dd3b6925,7f6bb80aa02f3f2e4634d430e6edf03a4b3e2961e393780845441a864fbaa176,False,V15C-HC9-HD5-OT2,HC9,HD5,OT2
CBV15C-0330,Train,CB12_PARTITION_V1,12026,d35176544f1f50c43bec0f652bb029668a7768fdc909e0a4a02476bd3b2886ba,f95ac9a7262ddb49122fccc6d90ce7b88ac3dcffce538359ca0a720031b7679d,False,V15C-HC3-HD8-OT14,HC3,HD8,OT14
CBV15C-0331,Test4,CB12_PARTITION_V1,12026,1e854f511ebddaf29f5e0822271667ca3ce86af57acc1f852077903140830937,ec011e6a85afa24556114eea9428a2a5641c16a95e7d85610d4820a2db282408,False,V15C-HC4-HD3-OT14,HC4,HD3,OT14
CBV15C-0332,Test2,CB12_PARTITION_V1,12026,4f00831d0d73949d1d28381a2452239bfc3280f443dc5d4d4d50172c7c1e057a,b730b4a214ff894ca64db583492a9a3027362ba2ca9be74dc414968df5bbc6ed,False,V15C-HC2-HD4-OT5,HC2,HD4,OT5
CBV15C-0333,Train,CB12_PARTITION_V1,12026,194be68f252fee4422dd35ea9d8ff9ce5e02679d84bd8853b0e2616e6d18b5a0,12e984044eec4762d5c4ae3c4908906213ebfec4f07642993b136558409ef372,False,V15C-HC5-HD2-OT8,HC5,HD2,OT8
CBV15C-0334,Train,CB12_PARTITION_V1,12026,84cbde910ed84aa0da83ded081187315ef8d100b9b37a37b48788d535e8d0330,d0596be1539fe3e6ceccf099d76e29467d68a4b81cd1d33766a3f5b8c2a5e71a,False,V15C-HC1-HD1-OT5,HC1,HD1,OT5
CBV15C-0335,Train,CB12_PARTITION_V1,12026,20e10644899c0cdac3a6fe38de3b7d33ad2bc8b25e4d586269d7d2e0f3de71aa,791960b19ea250c0641c67c4c84d0d3dd884597d26eab6dbb06a3f278bce52b6,False,V15C-HC3-HD3-OT1,HC3,HD3,OT1
CBV15C-0336,Test1,CB12_PARTITION_V1,12026,cd5179992149f5c21bbb535ae90ca10cdfcdf68373be810dbe6f032d649d96d6,ca8f7c7d6933b017512b3c1254d0a8c481e6f69e3a100117f5977a6f2d4f7110,False,V15C-HC8-HD7-OT8,HC8,HD7,OT8
CBV15C-0337,Train,CB12_PARTITION_V1,12026,14a622ebbd59f633ecc07f24314bccd86eb12c8fe46b95f5383675c3c098d868,316e01bf2b6c01e8d572fba79c8cbe9bc432fbb0de78137d8765ddf1c4a2ed0d,False,V15C-HC7-HD6-OT11,HC7,HD6,OT11
CBV15C-0338,Train,CB12_PARTITION_V1,12026,6ea5e172e62db994ab76d9e47c92bb3276cef996295688158d91e6eb9828bd01,228bc8ab932b37a1e822d225a6be2f4984c0c43aba9be587f4b8da23324345e7,False,V15C-HC6-HD1-OT8,HC6,HD1,OT8
CBV15C-0339,Train,CB12_PARTITION_V1,12026,5eddfda605aa04116d3cacbbf9d1309bdfd2bf5324a22dc0a21b9e5c670ddf86,4e5e79cc028a99cb1f4493aff0c0434975ea4a0434a1ecd79b4f95b140258358,False,V15C-HC2-HD4-OT4,HC2,HD4,OT4
CBV15C-0340,Test4,CB12_PARTITION_V1,12026,54971c02e187677d6bec01ce8be9250b87a6b8e4feab12baa36b050d65edea4f,b93a79dc8157904ffc363161b52b98ffc29fb7a3cc609d60491e821647485b8f,False,V15C-HC5-HD2-OT13,HC5,HD2,OT13
CBV15C-0341,Train,CB12_PARTITION_V1,12026,e9eb461f1f8a4a26f501372eede126b8ef916ab5e7af2fd8f5a5289997c0b4e3,97b9038ba1a61825324e635081ff1f8bc0d8f6dc6241d9f369f9cfd11e3bad99,False,V15C-HC1-HD5-OT6,HC1,HD5,OT6
CBV15C-0342,Test4,CB12_PARTITION_V1,12026,2b2ddb08ca27ec476d7b8934b3c3af545c823fc5902469a41b9049f6bc522007,ab2876f58bf602cc2a64e5506f4ca7d7afa4eae9999e559311f1ba107c2a0e03,False,V15C-HC3-HD3-OT3,HC3,HD3,OT3
CBV15C-0343,Test1,CB12_PARTITION_V1,12026,c850563ac9021f44de0c7b317664a9c7638a1ac11f8ec06573ba38985bb2788c,54e38c8681b310a01b6a338cd618e4892ff0d09c0e90a1cca8fc3cb35dfbaa06,False,V15C-HC9-HD7-OT6,HC9,HD7,OT6
CBV15C-0346,Test4,CB12_PARTITION_V1,12026,f0a0efcf7ddbac9f90ea179a9ac25d434b75f99bbc8df5f401b522cec3bda79f,be1ceef5a30db8b3fdc8a0b428f5334396e026f631ffd86e99dcc0874eb1240c,False,V15C-HC6-HD2-OT10,HC6,HD2,OT10
CBV15C-0347,Test1,CB12_PARTITION_V1,12026,a07af16fc7e64fbcf6c1805754046ee23358bcce305d19e093efe2c4ae3dfe1d,7c78c81f529546073caf05861a42182a1884544bdd2a8ede116c1d2b6ff147dd,False,V15C-HC2-HD1-OT5,HC2,HD1,OT5
CBV15C-0348,Test1,CB12_PARTITION_V1,12026,01ba8cce06f8df69ffacd9b6c4278958d2cb85ad28a97c7cd87807b7562a4a2b,7ac2270bac8c09727b2a6b671417f36b55941dd1ccbb6940e73f6a8aec56fec6,False,V15C-HC8-HD3-OT12,HC8,HD3,OT12
CBV15C-0349,Test2,CB12_PARTITION_V1,12026,d90081563cb04ba91dce47b9fd1403874547780985c9cd0e19f03250b36fa084,4bee4ea0b2cb73bea88e846a52446ca12ccfa22d854e0b76ee5ca8ffb5d1ca1e,False,V15C-HC7-HD6-OT11,HC7,HD6,OT11
CBV15C-0352,Test1,CB12_PARTITION_V1,12026,fd95a4df251059c9a599b7f89098cd8b427818fad81305140651a0dd1e5c866d,a8895d3b850ab2e5b6681f2556edd5fc185a387879885f519bb774d75c0ec5c0,False,V15C-HC5-HD4-OT6,HC5,HD4,OT6
CBV15C-0353,Train,CB12_PARTITION_V1,12026,9eea775db72d06be398e496a0d3fc5ed6a7f72150860beab4921d80dc0f87416,f4ff56ef9c2d9d12d3b891cbf1d8527a0d9d4a323ac9d67210cc1da83ffbec5b,False,V15C-HC3-HD1-OT15,HC3,HD1,OT15
CBV15C-0354,Train,CB12_PARTITION_V1,12026,25ab834f29fecffae0eb4112661e9e01bf4b604a2e9facefc0a3bc5afb70328d,a5b23693242bb528afee7c70f582b5726e83d01f71291ac05a0c8e7ff94ea12a,False,V15C-HC6-HD3-OT6,HC6,HD3,OT6
CBV15C-0355,Train,CB12_PARTITION_V1,12026,3a47d6229d9368d436179281c7cd4addac9de353c7a038bcbf771528e1655edd,3807c1e10e595857a394d93dd1c0e8ee9bd4b03eba389e9f6bcd822cc8fcf27c,False,V15C-HC9-HD6-OT11,HC9,HD6,OT11
CBV15C-0357,Train,CB12_PARTITION_V1,12026,f95989dc00cea04736e2a1a903272afd551ebd041dfee7e5bf66fa79ca17bc28,1e5affcd802870c7822a7678dc0bc5700423f9ddc9f8393661e77dedd2fe262b,False,V15C-HC2-HD3-OT3,HC2,HD3,OT3
CBV15C-0358,Train,CB12_PARTITION_V1,12026,fde6e931bab16800e43006eb3306fbd176172a5fcc0d511c45dd237464f36456,7a50ed15aadc4412d92742bbfc81dca84fe1a0dbec5a2f607c69d9eff9e6f81e,False,V15C-HC8-HD7-OT8,HC8,HD7,OT8
CBV15C-0359,Train,CB12_PARTITION_V1,12026,977807406b6b69f9605fe8a23cfdc5135f84a6fcdf3d3c99e0a8f60ad0549362,bfd8f8b248de0f5e248e3b363aaaa3830b8959869f636841a3c74be287ba9d1a,False,V15C-HC7-HD2-OT8,HC7,HD2,OT8
CBV15C-0360,Test4,CB12_PARTITION_V1,12026,b9edeed57cfb52b1dd591dd0721e846908e758d8d7830c69d7d53754395bcd3e,848b2d683e082b4229775dbadc501911378ebf5b9c0706bce3bc04bfc85592b5,False,V15C-HC5-HD4-OT7,HC5,HD4,OT7
CBV15C-0361,Train,CB12_PARTITION_V1,12026,a45456e4feb201ca70123cb3137dac60b5107c579d4fc1ff9bda5c33805cb519,d51dbba701b77f7455cca6f98d2b07f34fac23dd6e927fe8ae7516d2575babe8,False,V15C-HC3-HD1-OT2,HC3,HD1,OT2
CBV15C-0362,Test1,CB12_PARTITION_V1,12026,967830246a43ffbcf93acd5acd47e99ae6c2764e2fd8085a66455c0f9133f2ef,1cb2a6bc02bf6f916027d011714c3839c7fb2c78faeef96b67af1b7029107fcd,False,V15C-HC1-HD5-OT5,HC1,HD5,OT5
CBV15C-0363,Train,CB12_PARTITION_V1,12026,982bb69e7213062a57a411cdb56feb7861451024bc48290176be5d630a5cc7b1,6bc49e5d3f0ff21d8b57f88564833a592c77a04f7d3adcc3892b6914dab3d2f6,False,V15C-HC6-HD3-OT15,HC6,HD3,OT15
CBV15C-0365,Test1,CB12_PARTITION_V1,12026,db5fdc9b8bf4b3c69e30c5c0ec901446b9859b27c9791d69dd8e8cd4bd7f403f,657198ff0cf718decbbf8b79ef66050bfc25a03443bfde6010d75154fd954dca,False,V15C-HC5-HD4-OT14,HC5,HD4,OT14
CBV15C-0366,Train,CB12_PARTITION_V1,12026,17b745e40b34831577d4b4b1b4c4a293b804fb51926b02b5ecb659fd13bee520,e955697fc562353650e187323c3d14fa4eb55f011378c2f9cdc0811d95a95789,False,V15C-HC4-HD1-OT15,HC4,HD1,OT15
CBV15C-0367,Train,CB12_PARTITION_V1,12026,34ad748713c97805df304512b9118cb419d9b813d11851d0a8dd1d5efe3c9579,d8254d3adb5d3ef1b8875a076039f61ec0ae20612fd7afa5b683c4af89ec6ee8,False,V15C-HC3-HD8-OT15,HC3,HD8,OT15
CBV15C-0368,Test3,CB12_PARTITION_V1,12026,cd52aec27c1748a5bff2e7e92d8e9efafc66512ebf11640df780c8dbe042eca9,6b5927e4fe547369e3fe9418cdf473156c15ac6fcc9dd55768b8fecec746e548,False,V15C-HC9-HD6-OT8,HC9,HD6,OT8
CBV15C-0369,Train,CB12_PARTITION_V1,12026,1ecc9797c0a937029a1dd578ebdf7c898a3c21396aa48ef94b9d7b05f9005bce,2992d56e400b804427d74f0bc4cf176e57d296a429c710cbf9ab8230bfe899c0,False,V15C-HC8-HD7-OT5,HC8,HD7,OT5
CBV15C-0370,Train,CB12_PARTITION_V1,12026,fb9fa3c262b9883e965346bf8d5e1e7747cb5b5d079abd153e49f5cee1a75871,fba6aaa1c53d0e20d7d795e07a7c543f6a1c912aa0df42ef4b933d8cb95cfdeb,False,V15C-HC7-HD3-OT6,HC7,HD3,OT6
CBV15C-0371,Train,CB12_PARTITION_V1,12026,2c15afaebea4999a0dac090a7b324751d7e15fc9f6e70db2ecb5ddd0cf3127be,e0268e621802422371d4279d7acb7018d94e49bb52cdb9edcb18b1bb56956a54,False,V15C-HC2-HD2-OT15,HC2,HD2,OT15
CBV15C-0372,Train,CB12_PARTITION_V1,12026,dd5af68a2a25af095b1e2c7a5a8fb8e7e8c9d48d5199e3c76b21bee8c44854e1,3dda7c165780c7031fd69a825be462ad5c5d9126f95ba8d0ef284abdb89e41a0,False,V15C-HC6-HD5-OT10,HC6,HD5,OT10
CBV15C-0373,Test1,CB12_PARTITION_V1,12026,3f992394b47b16cbb845fa73f722ed5649a96877d005ffae62583ea7c3f9bf0b,79ca36b4a73071c7048ddff791d88cf3513a407f9237b1ec08bd79130d75fa09,False,V15C-HC1-HD1-OT5,HC1,HD1,OT5
CBV15C-0374,Test2,CB12_PARTITION_V1,12026,bee2dec8c28ea48dd3fb2e40024d9a63475490e5774c61b76e58dcb69e2627ca,d956c12c27c15552fd9d3747bf95dbfac4c9e15579ba8c52adffa36e26db7ab3,False,V15C-HC3-HD4-OT14,HC3,HD4,OT14
CBV15C-0375,Test1,CB12_PARTITION_V1,12026,f9d69edf5853fae9c2c9f1d13b7fcb388103cdce20c9fa228a16a94d379a6cc2,c42aa97f46df8f544a94a0023e563ee8164ee31da69a64f0054860012192ac9b,False,V15C-HC5-HD3-OT8,HC5,HD3,OT8
CBV15C-0376,Test4,CB12_PARTITION_V1,12026,191a9fe6eeda14190b7ccb72b1a504e5e65c621a4d8702643ddfe63cf49d99f4,8e03c2d98bac475acc7281af2adddaab9033cd3444c93a31055b874e337adbd7,False,V15C-HC7-HD6-OT8,HC7,HD6,OT8
CBV15C-0378,Train,CB12_PARTITION_V1,12026,e7fd2eb403901a36d71b62de4ab9531e4f3a3bb24498e64d1117df8eae9ed5e1,933056f64e39a494e308b8fc9ab9657e96871cfc36cfa4523aae90373911f350,False,V15C-HC4-HD2-OT6,HC4,HD2,OT6
CBV15C-0379,Train,CB12_PARTITION_V1,12026,20fe80c9f67d4091611a0a3de3e1558d75e4c8a009e2ac5b9fcf89fb033ca322,90896f6e4e6968add773156718a971731b4cb18aab4769618befa9c09f128227,False,V15C-HC9-HD7-OT11,HC9,HD7,OT11
CBV15C-0380,Test2,CB12_PARTITION_V1,12026,475643fb3ab2da75b1afc1756d65075f4dd83cb244f08c9c01a01ffe7c72b54f,f9e207cfd5178f8a9f966fba222e248dc78917ecbc072c94f695efd095e72ebf,False,V15C-HC3-HD1-OT2,HC3,HD1,OT2
CBV15C-0381,Train,CB12_PARTITION_V1,12026,77eeb9ac13c84c7a69133131a243c1194fe48a2e656ab696638fcc136d2e5873,5344fdfc759dd0cfdb7fdce0a15b07e52fa1bbcd4734aa2c8db69baa3e9e2175,False,V15C-HC2-HD8-OT4,HC2,HD8,OT4
CBV15C-0382,Train,CB12_PARTITION_V1,12026,3520f8532e4ce024b6c1d9c8ae4d063389a915d6b36b9935e424c60548ce3d6b,f0183469d9a12c5efa9a0bafef7446b57217566df5ac8947f86458f02fc7a3de,False,V15C-HC6-HD3-OT8,HC6,HD3,OT8
CBV15C-0383,Train,CB12_PARTITION_V1,12026,db71f476e69eabb3ed1f1b57b0fc848c4bd20913dccd90c0ff11dd99752bda1c,4a14ebf2c0dab00631310de8dcd8b5a3b086277d0ce85f6daf10c64545b5672c,False,V15C-HC5-HD2-OT7,HC5,HD2,OT7
CBV15C-0384,Test3,CB12_PARTITION_V1,12026,38ff43e4b8d7a2e77533d99e7241c480b092e19c994486644e86f7d3c126bf14,7071025d745763c414adb4f5e1d30d99c165bc2f7f26a47d9ffe68921454d35a,False,V15C-HC1-HD5-OT6,HC1,HD5,OT6
CBV15C-0385,Train,CB12_PARTITION_V1,12026,a4a040981fa97e5676f79b816c37c75550434ea5a9535b070e37ba75bdea0325,9e88192cf5a2829556bf13bd7b8517f410d48aee019af0f0070d68ab78855c43,False,V15C-HC3-HD1-OT3,HC3,HD1,OT3
CBV15C-0386,Test4,CB12_PARTITION_V1,12026,6505409a429d6958cc56a05c42a91344f4a63412f877710e00e4b470c3f3bfbf,e5719c3a031a240d893edd062904ec7578a2cd03008dd7d5eb42d14d35b5e039,False,V15C-HC7-HD3-OT11,HC7,HD3,OT11
CBV15C-0387,Train,CB12_PARTITION_V1,12026,0d6bcd4a6a7ab0cbe154ae8ca91fd15cb99de0e15f3d61ae80cbe503a6a997c2,f480ff1294072644846b69f772279f89392609e7b71fd53d16c9012b0702fa95,False,V15C-HC2-HD4-OT5,HC2,HD4,OT5
CBV15C-0388,Train,CB12_PARTITION_V1,12026,f2497e782b427103bdfd3d051b7e0342c68c0f0fd52eafb0b093eeaec0f7d8c9,1fbf413c8f7f42b81be3f6d208edb8fd5f54b96ebd04e80c74f9bf764f66d632,False,V15C-HC8-HD6-OT8,HC8,HD6,OT8
CBV15C-0389,Train,CB12_PARTITION_V1,12026,063b8a294bb8022b50b2874d6799f9e1d37f9e7950484fdf7a7c36e0f405a883,61a2275763d2decb5e62e831f6781e86cba84402e49a2f9869b5b5eaf85f5a98,False,V15C-HC6-HD5-OT5,HC6,HD5,OT5
CBV15C-0390,Train,CB12_PARTITION_V1,12026,18ab30fcdc67e9ac64ba118b0b7f457e39abdadaabf22090143a1df32035dc89,dbc2c1831922d7a0743b85cb39fba35f21d22b61872b40d85bcce69ea6ac87c5,False,V15C-HC5-HD3-OT6,HC5,HD3,OT6
CBV15C-0392,Train,CB12_PARTITION_V1,12026,c5d09372624dd8881e2c8e651c738ceb09cf8e8aa2f03ec222f9f1d9ff7ebb7b,cd3bba143c6dcbf8a01607d2e14c629f7d64b93a3aaf5ded4433bd23c44036a2,False,V15C-HC9-HD6-OT8,HC9,HD6,OT8
CBV15C-0393,Train,CB12_PARTITION_V1,12026,3cb8095ed22b7032b6d268f451fe683891b8108db3845ce439fd67600c988fdf,4cb0b605d0135705d33c824f2466a7f983ed64bf3fd4d2053b3f3fedb75a8a7b,False,V15C-HC4-HD8-OT1,HC4,HD8,OT1
CBV15C-0395,Train,CB12_PARTITION_V1,12026,ccf3dedf25f72b8950790a7d7b4a59bdc9be12531b08b03f452f186391c894c1,033714883a071da6f95b80b17cc26fe14e16e2b99daadb7020e4beff3fb3dd27,False,V15C-HC5-HD4-OT15,HC5,HD4,OT15
CBV15C-0396,Train,CB12_PARTITION_V1,12026,05e28d09916fe8c0bbe7b72fa9fc908b398b2d66e9140394ec360ffa645b3891,d1bbdff5fd67e4700a38b6eaa72ec48025b8d611951eb43c2a1cc4ce3ae616bc,False,V15C-HC2-HD1-OT3,HC2,HD1,OT3
CBV15C-0397,Train,CB12_PARTITION_V1,12026,15b3e0428605a3ff72f4ce0f05ee85038c53c8c5f5f35631fd0cd51f1b0623e6,259ab6bab8779ae84ae7230d090f465a347852354986a2b2505b472fdc681987,False,V15C-HC6-HD3-OT10,HC6,HD3,OT10
CBV15C-0398,Test2,CB12_PARTITION_V1,12026,0f5775932cff31e4e26982ad36ca0ad9f4b7d415ce830fa4b5452ab7089f3921,74e0b54c9e0b91c592e140cd994d68ee345e62daf162368e5d182fff37f675b1,False,V15C-HC7-HD2-OT6,HC7,HD2,OT6
CBV15C-0399,Train,CB12_PARTITION_V1,12026,7298e88d7f4464ce7a0d25467f9f62b8e46d824c9cd13978a8ebcd156db20ca3,573652d2276122ce01dff4b2f0755d230d55105cbfda55313c8743e27b49534a,False,V15C-HC8-HD4-OT12,HC8,HD4,OT12
CBV15C-0400,Test4,CB12_PARTITION_V1,12026,f74676fa5b951524ba200de53c504bdd4887b0c18d6b6633716534ccc155c60a,f278621786de56aa061278a3381fa43af732eb5d72bde288b817c4b855f28c9a,False,V15C-HC3-HD1-OT1,HC3,HD1,OT1
CBV15C-0401,Train,CB12_PARTITION_V1,12026,ff6b155ae69508fd2895ab3a4de99af15cad0cf3a00bf1f07832661bbf8d31ab,3fe7c76766714f01ef8824b2da6923177972a6668c95970ec08bfd64039f0d8d,False,V15C-HC1-HD5-OT5,HC1,HD5,OT5
CBV15C-0402,Test4,CB12_PARTITION_V1,12026,9916c8a97b1975027e9d16b4b51a4ad55afca00721908984d1769d06cc698ebc,6f089fe179a5750a3f7c03f2138ecc47a19e115dba4f01286fe9604f79de800a,False,V15C-HC5-HD7-OT8,HC5,HD7,OT8
CBV15C-0403,Test1,CB12_PARTITION_V1,12026,572aeaf5a5f00f964e2894c7f638bda00ec027c906befb0d3d436b892144c6bd,20ae77967775c553291f2baf35f0ee72dd8c9a147ee1dd6337218109a67242d5,False,V15C-HC3-HD3-OT15,HC3,HD3,OT15
CBV15C-0404,Test4,CB12_PARTITION_V1,12026,6a849458bf6b88c2e628a96f02de34439a5b9d017d4b7c8e11b5d51ffa7dbb07,130bed4bb350069d8697c1ebf8074b6c5c53d2c4a1d876ca18f595ab0f672ad8,False,V15C-HC9-HD6-OT6,HC9,HD6,OT6
CBV15C-0406,Test3,CB12_PARTITION_V1,12026,0c8ab619f74930d8dc91b13c72d9ee29b2c46a710f60386f4930673c16472d89,05ec53271eb878afc466ba56f23ff9ba23831c01e90d0b909b0fb7dd5af36428,False,V15C-HC2-HD2-OT3,HC2,HD2,OT3
CBV15C-0408,Train,CB12_PARTITION_V1,12026,20116fdec51d95103f117a6497cd08aeaac57bc21c5f1222caefc2c1a2902605,4094087f66531004f8053791d08e1f1c075a203c7100f1c5ed1860cac02a88de,False,V15C-HC8-HD1-OT5,HC8,HD1,OT5
CBV15C-0409,Test3,CB12_PARTITION_V1,12026,d52d4d2ba09c20ed4670950d988ad7feecc15afe86b241a9501ce67bdd90a52f,63250080e5d9608b6d07fbd7db09fc18baa85ceccf342c0b34129672f99b4236,False,V15C-HC7-HD3-OT14,HC7,HD3,OT14
CBV15C-0410,Train,CB12_PARTITION_V1,12026,cb4031c280fa0fa8c971a92b1314a108d48cb6954a9ffa2c9f7a6b23a537cc9a,f2c772b5491d468944d1fd215696e45c2544bc63c6daea09cb3c6a3ee7fbff1b,False,V15C-HC5-HD2-OT13,HC5,HD2,OT13
CBV15C-0411,Train,CB12_PARTITION_V1,12026,5f34d1441fae14f8d22af515f4383e2c1fec60da5bce996f7a9276392c7f5081,71e48cd8f7d46bbd159cc570da6398e64ca1064f762c5019296d4971abe43b5c,False,V15C-HC3-HD1-OT2,HC3,HD1,OT2
CBV15C-0412,Train,CB12_PARTITION_V1,12026,29b7f8a2fecfa98891f99372e3298f38886ddf46c169db0e9dbc5d6c11aee619,77b4d2dda4bb216726caefe14c5ba37bc27d1af6a2854121ba1f479b73fc0e18,False,V15C-HC1-HD5-OT5,HC1,HD5,OT5
CBV15C-0414,Test3,CB12_PARTITION_V1,12026,2ae4066e1c7c04b1bac511aa2c5c67c03e00761d745f716178712ef358116ff6,65a467720b9fd272c6004cadb41e3e785653404a61fd82f482771b066a39120f,False,V15C-HC2-HD3-OT4,HC2,HD3,OT4
CBV15C-0415,Train,CB12_PARTITION_V1,12026,79e360b2a3d020d9a69564dab7247e7b8a4a1257458e6d44cf7de8ed9921d9e0,1eb8a0549048fe50ee556de9e6d6c5c930fc87f5c8ebde7212047105f2c08515,False,V15C-HC5-HD7-OT8,HC5,HD7,OT8
CBV15C-0416,Train,CB12_PARTITION_V1,12026,c20e0fb83d902bee9dbc5995e3ac142278d832319dce471918f73e587c5a1a2c,31a35a62f89ca7e0f83753827ce7d944601de9f4b7726d94c1b64af8f61ab4b1,False,V15C-HC9-HD6-OT2,HC9,HD6,OT2
CBV15C-0417,Train,CB12_PARTITION_V1,12026,f982958f18c2f7b2c601e8365351efc7075a1bed7d884794cad63557a0b2d7c1,97a5dca2d8c767fc0bbbff95de72d7d56c95ffb68a4c57b4f83d08d1773be7ad,False,V15C-HC3-HD8-OT1,HC3,HD8,OT1
CBV15C-0418,Train,CB12_PARTITION_V1,12026,5c806e2ddb1a4d7f2f9bc89f194481a0cce92e8d5eb5740e62ca2ea22e038450,47e799255e53bb7d31f049359b47a2b527b9d4f7f65c26e92c7ab976ffa3cb9b,False,V15C-HC4-HD1-OT1,HC4,HD1,OT1
CBV15C-0419,Train,CB12_PARTITION_V1,12026,610cbf36fd6524351b64804f083dc8802ae5c43e2a391b5ee986f57b65e12135,7d03ee888b01c3516417db2ca977c8c6d3dfe734ca72e1c5aff61336d9e5404d,False,V15C-HC7-HD2-OT11,HC7,HD2,OT11
CBV15C-0420,Train,CB12_PARTITION_V1,12026,fbc8207a21bc0b75d7cb515863bdbbd265317b9e53e02096403f1dfe55778f7e,30dd8dd51dc523dd102fedf0590ca5b206cdb818e6a585052254f694f3ce3110,False,V15C-HC8-HD4-OT8,HC8,HD4,OT8
CBV15C-0422,Train,CB12_PARTITION_V1,12026,0fa9aa1576976335e6af74b003babd18c54f1e3cbd9ab98e287086c299df098b,b41a86a38923900d68ca6bb2c736686b4c81074e10d332e840b99ae6b10da552,False,V15C-HC2-HD3-OT15,HC2,HD3,OT15
CBV15C-0423,Test3,CB12_PARTITION_V1,12026,142d33019ba73ab6cb740e0534b44150c0408a872b59d9256b2409686451bf22,16127c7c73427b9e5bf15957cb442e287aa8f67359e018f65604056c84fc0aae,False,V15C-HC6-HD5-OT8,HC6,HD5,OT8
CBV15C-0424,Train,CB12_PARTITION_V1,12026,d7801fb69c3ce24816dbb957785e2c78d8ea20cf538bfb1a58d4ae8f52cc235d,73c379f22efca6258d443b52b3b126b6a3b595e591dfbd731e9b659907feda27,False,V15C-HC3-HD4-OT6,HC3,HD4,OT6
CBV15C-0426,Train,CB12_PARTITION_V1,12026,ccc06e4c0880ef9871b7367b5419d09d393cc4db43d358a59250861beba2c8c5,f177a35d0140d00bb7e3d1563b395ceb981f473ae3678cdc91451ad06e802c2f,False,V15C-HC7-HD2-OT6,HC7,HD2,OT6
CBV15C-0427,Train,CB12_PARTITION_V1,12026,a8a3589effa34d9daf411d4bdbc1a5381a6cec6c425a673d9d35245bc836989c,fb1bd0557eb69c773e758025fda00b80a527b6e67b784a3d646fe37b1b660197,False,V15C-HC8-HD1-OT5,HC8,HD1,OT5
CBV15C-0428,Test1,CB12_PARTITION_V1,12026,07752171cd6b75d5cb1910ef9d92ca14c7f8171b6b3eddb3d538738cdaebf4b6,58e9dca9572fbd12e1b3da85bb8a9a3de678ba9c163946ea7ec1c405d040557d,False,V15C-HC9-HD6-OT13,HC9,HD6,OT13
CBV15C-0429,Test2,CB12_PARTITION_V1,12026,b79f42d18ef21febe5ec58e18fb3ce759b8adc7f98bf6b90b5f77ea1b2f9e37f,4429f8105f53794f6b8ebd92b57129af9e63fb149a9ff1913cb064e8dbe27949,False,V15C-HC6-HD8-OT6,HC6,HD8,OT6
CBV15C-0431,Test3,CB12_PARTITION_V1,12026,3e3bb16f5f81c8ff18632cd1c443b4de8faffe7a924f068500971516ad3c0806,1323eb2ed0343393f8efed2b451b1bd369b3f09ac14b233872514a97bce3df3e,False,V15C-HC2-HD2-OT5,HC2,HD2,OT5
CBV15C-0432,Test3,CB12_PARTITION_V1,12026,7904b4cc9634da208bd83fa9ab76796254c67ebaad5d51570d54bf0c8247660d,430a22e54d6231f75dfd34688280808b70af7996ee8e4fbed9086340d973c35f,False,V15C-HC3-HD1-OT3,HC3,HD1,OT3
CBV15C-0433,Test2,CB12_PARTITION_V1,12026,8e374ba2f14b2e423871a3c587e575a4b5cfff41d8fbb5550ddee101f46c3fd8,1070f6648a2597866f0ae0f0d3a5e75d46ffb81b577e053c0fbf97317cea46fe,False,V15C-HC5-HD4-OT15,HC5,HD4,OT15
CBV15C-0434,Test2,CB12_PARTITION_V1,12026,517df8f1d44cd04af592c1c8590742ddde5ea0aa9b952e95b859a4d8adfd13cf,de9675b4d51a191bcaaa40ce8ab94df58997cf9e8af9d50be62209e972774f1a,False,V15C-HC1-HD5-OT14,HC1,HD5,OT14
CBV15C-0435,Test2,CB12_PARTITION_V1,12026,36e2eb34ca15ff068f38bdb001b08edf3ed643fea2fb1e81a06141942a764f01,50b59b70e8c4958581335f9769bc12d78b5e70cec99497f4b4af1311d5c62e91,False,V15C-HC3-HD3-OT3,HC3,HD3,OT3
CBV15C-0436,Train,CB12_PARTITION_V1,12026,72d2aa7c9246641e76dca6a77a5abfd6bf3c039200aa0d33bf07fc16a079216c,5e30024eb43463d0f3dac97e874f443b77b7bdcc4de91b4107c87a506f38b393,False,V15C-HC5-HD7-OT13,HC5,HD7,OT13
CBV15C-0438,Test2,CB12_PARTITION_V1,12026,f07e1bceb8bcacc22d1c7df90a8dee16483747966d9b5a5baa20770e6c43d56c,297b5e92bf68a42ba2b99573e8b72bdcabb3d388d5e7a552624da4fbe5930116,False,V15C-HC2-HD2-OT3,HC2,HD2,OT3
CBV15C-0439,Test3,CB12_PARTITION_V1,12026,501c0a76b676c2519ee835397a7a08f91afd85d38b7bab2b482922832fb60aa6,c6f2f702e6fd2b1657339d929a341e90cd3725e80f14efcb4263c0724bd0dc67,False,V15C-HC8-HD1-OT12,HC8,HD1,OT12
CBV15C-0440,Train,CB12_PARTITION_V1,12026,100d4c9ea21342741d7692ebc28d7d19c7889298166211b1dde90df47446a9a1,25dd05a0f0eb5664473a009f03883c36aca338c49005e278caa518e4e7999fb9,False,V15C-HC7-HD5-OT8,HC7,HD5,OT8
CBV15C-0442,Train,CB12_PARTITION_V1,12026,e07de16a1894578da82c2a0d4401d6a33c41d3067dc6139c551e721c49a1bfbe,36f65fdb7899e0abb729ab6bfcae06944c00884caf01dc8e2b1d785c674e8969,False,V15C-HC3-HD3-OT6,HC3,HD3,OT6
CBV15C-0443,Test1,CB12_PARTITION_V1,12026,d1b4605e8da60113465e3722078a086276e5be863aff594139fc18aae6ad98c0,1898ae70a66b6a90c65cc62f633965cd8f43695499b373a625124a2620c65b1f,False,V15C-HC4-HD8-OT9,HC4,HD8,OT9
CBV15C-0444,Train,CB12_PARTITION_V1,12026,9464c337371a112337e4b0fa39729d5544ad8510486ba0c6701d75153625c4b0,dfb74295619e3d7e37009467fd264a9639edd2424ab9f5ed471fe8b263788b3e,False,V15C-HC9-HD7-OT2,HC9,HD7,OT2
CBV15C-0445,Train,CB12_PARTITION_V1,12026,3b6b94fff3c1f6fcac399305cb79f665b9138379a6d23d97261f4d5dbfae41c0,598b7d812c0366809e431b51f134023309c74a7d55080abb871817fa96e9c4f3,False,V15C-HC5-HD4-OT6,HC5,HD4,OT6
CBV15C-0447,Test1,CB12_PARTITION_V1,12026,d0ef568ca54a25a87edc0ef53c5236f2f61e5ab85a45a9413f96df791717bff7,b3b19da116963555dc04bd22009b45a7063b1f48e4701f7df8d3b5dc0e1fe06f,False,V15C-HC2-HD1-OT4,HC2,HD1,OT4
CBV15C-0448,Train,CB12_PARTITION_V1,12026,7892959f3f68abfd7dd7a3c924f8c5eca3c079780df148e22460ae4c2c38bb38,7022e511dd59b56e55733a30cb398ed85e694081e838aa8238913ea8deb4d997,False,V15C-HC3-HD3-OT1,HC3,HD3,OT1
CBV15C-0449,Test2,CB12_PARTITION_V1,12026,3c2cb4f1cd3221d5014c819b791884712955a2e29f0944aff1a793bafccd9ed1,a9563676d1cd54e7750b4126ccec45fce85d6185f069f09d4e1f782c0a32bf9c,False,V15C-HC7-HD6-OT8,HC7,HD6,OT8
CBV15C-0450,Train,CB12_PARTITION_V1,12026,67c44b4f5e7c77451ac48a7669cd7c19e72f0b4377f11c99b658cd1deb9ad2e7,3eb5fbc6173632349829d58d88562ec8f133cdf3eb4675eee31433426c40d1d9,False,V15C-HC8-HD5-OT8,HC8,HD5,OT8
CBV15C-0451,Train,CB12_PARTITION_V1,12026,de9de913c8bc30f6b600220316015a04f3f29ab7444181abcddfbab7553eb5e0,803f5333c834184dc74bc1e6d39ad2f869945fb2e36c68220de62c187577a2a5,False,V15C-HC1-HD3-OT14,HC1,HD3,OT14
CBV15C-0452,Train,CB12_PARTITION_V1,12026,705cb07aab64cc77ace40512eabbaad41619b202ce1740916af51afaa285612a,f020c11b8623ff380dd4f1dc5abb4185ad07d482d7c6a3e4333fb60277be575c,False,V15C-HC5-HD4-OT6,HC5,HD4,OT6
CBV15C-0453,Train,CB12_PARTITION_V1,12026,322224ff450e2e5d01f4bbfa9a3e557805a0ab68cf9a43a58290af7ac2a37ba0,82ab44983fb5bcca8b4702d1a485e1c46444349b615cf0c8aab31ea0af14b5dd,False,V15C-HC4-HD1-OT15,HC4,HD1,OT15
CBV15C-0455,Test4,CB12_PARTITION_V1,12026,f54f41bad2386b3680a1253a40d28122e19ebf060717fa27f101c1dfd17894b2,bdcd1222d49b7125ce5c973e69f8d6023fbae3984c05e2b4f2231956fc84c814,False,V15C-HC3-HD8-OT14,HC3,HD8,OT14
CBV15C-0456,Test4,CB12_PARTITION_V1,12026,dfa78057cb7169fbcb9397bab0344209caf61f16cdd5c4a4b5025f49d1176aaa,84f6ec5bf2df4f9965c2f28fb67e68fb43d63a6c951f8600f35653fadc98dab4,False,V15C-HC9-HD7-OT8,HC9,HD7,OT8
CBV15C-0457,Train,CB12_PARTITION_V1,12026,9e37fd1f51fca4f3d4fff73becddefc259cb5fda1b0ceb735d3eedbf37f74fcb,15edb6ce341386c44b7f22300fe7212cb5b49e3cda658d1f71920d97c8105450,False,V15C-HC6-HD3-OT10,HC6,HD3,OT10
CBV15C-0458,Test1,CB12_PARTITION_V1,12026,f7ee04a7905ffcfb02fcc2b8d79c3bdc9e225b7c523d1d64d7fafad5743846d9,8dcbebe07df3074bfc9c0aa25b69579c12b21ef4af52c1b371fbcd545849becc,False,V15C-HC7-HD6-OT14,HC7,HD6,OT14
CBV15C-0459,Test2,CB12_PARTITION_V1,12026,ddf35d322f4ba2f486a20b73cd17d1e8b86f3c4735336ca606b52b03e7790a0c,4c7fed1b2f7b988a0d5c8a200d760eaec7e6faac80e3c162d875137c22feb5d4,False,V15C-HC8-HD4-OT12,HC8,HD4,OT12
CBV15C-0460,Test1,CB12_PARTITION_V1,12026,e6b4975dbf726cfae872b04501e9c7166896097e387412e5c63c8ce038742acc,3abecbc8243ceab6d744b9e07a2d572d913da2bd5d0e4c920ba97180b587389d,False,V15C-HC5-HD2-OT13,HC5,HD2,OT13
CBV15C-0461,Train,CB12_PARTITION_V1,12026,76506e62c248f92578cd0830a0d68b126d6e41a6f890c28465fa55e3eed3b2ad,09b390a13829799763196e58fd51bedd356817caa5d6b0edaedee07e756f10fe,False,V15C-HC1-HD1-OT14,HC1,HD1,OT14
CBV15C-0462,Train,CB12_PARTITION_V1,12026,045bb90a5d36893a829e131d507af2170497e8343786df1df13b3e400ee1653d,d163d910b9a1683966e483863a3082d4c6c3222bf8c6b05df0c7da3c0712a8c6,False,V15C-HC3-HD3-OT14,HC3,HD3,OT14
CBV15C-0464,Test3,CB12_PARTITION_V1,12026,19697328806eb9ef65961c8de09dad86ba1698b8c6aba39efb3d6dd7cf638a45,2640b3468a792daf96fdcac5b5bb44f64cd527d810dbe265bf5d704b6507d19d,False,V15C-HC2-HD4-OT5,HC2,HD4,OT5
CBV15C-0465,Test2,CB12_PARTITION_V1,12026,8dea2be2e35a78ea91363bd7e0400fd01a53e43acf6f33c63a4aeb8532e9daa0,fe96ea13f682c6b6510917f9e4637e81e10e9aadf3bbe78851859d97930f12d7,False,V15C-HC5-HD2-OT8,HC5,HD2,OT8
CBV15C-0466,Train,CB12_PARTITION_V1,12026,c97ad41ea99caa5884ffd568be1952f72040b340b7e6d66a29dd8b914e537114,c65fc3f477bfb5e14afd176ff545e44055608f9f8744d2f57f62771da8b53f99,False,V15C-HC9-HD6-OT6,HC9,HD6,OT6
CBV15C-0467,Train,CB12_PARTITION_V1,12026,bb683fa9d8ffaca2b09f72dde83405d0865e9a2db2c3e039388c6f8bf8c81f66,13e64fa199fc48aaf5cd205f08845f129799fae91b2e17bee78115b73f0fe1e8,False,V15C-HC4-HD1-OT6,HC4,HD1,OT6
CBV15C-0468,Test3,CB12_PARTITION_V1,12026,be8e48700fbe6929091c7c5b6622453b2b848b8aa51a11195535f9e470ac8f5e,377bf1e8295cfdba4b7d2e0098a04e0383816bec875901acec78be7548855565,False,V15C-HC3-HD8-OT14,HC3,HD8,OT14
CBV15C-0469,Test2,CB12_PARTITION_V1,12026,53de6c9430cac20ce493669880463196a243a357e2a9183ba22ecb79d9c9876e,636fd1a80c30401fd6a052a98b37f3ca5fa6877f1145f5d4c8e4a52484f86b5e,False,V15C-HC8-HD7-OT5,HC8,HD7,OT5
CBV15C-0470,Train,CB12_PARTITION_V1,12026,8c73bd4ba85340afc6d5bf4c3bd25771a775f958994f1e766db84573735f6831,9110815e6df7a3251083c0096296e1819b44886bc03dad07eec6de6307a6587a,False,V15C-HC7-HD3-OT6,HC7,HD3,OT6
CBV15C-0471,Train,CB12_PARTITION_V1,12026,522ea3f454af9d869f564e56866a5eeb40ccd91e64cfaef3f0b388f3d93bed08,8297514f677b9f6bd60eff80bd01cb8c2877f7a767a25ba0e06a4664bb202b02,False,V15C-HC1-HD5-OT5,HC1,HD5,OT5
CBV15C-0472,Train,CB12_PARTITION_V1,12026,88eb84e6ce6a2f1ec050c913fc71d2de178197fd6593d341ae2394a7b2406ac5,4bc5dcd5465a074066c6e6c01c6774cd3962201bb4d05cd5489ea1f9e2a81322,False,V15C-HC2-HD1-OT15,HC2,HD1,OT15
CBV15C-0473,Train,CB12_PARTITION_V1,12026,11dbc741f5fa66b4163369ae930cd5288df7655325aea87efa1106ccc5eeec17,39b63ab2b5711dbd29e85e2e064749367329e36a892d794329f8941d7e334f3b,False,V15C-HC6-HD4-OT15,HC6,HD4,OT15
CBV15C-0474,Test2,CB12_PARTITION_V1,12026,1eae12bdff6ee7421751c5f2e42c93f8a24481e4264eaafcedba1157366bf546,0effd12366592db821eecefa44f5173b273b33e6ca2d3c869e83d77ba03df59e,False,V15C-HC5-HD2-OT7,HC5,HD2,OT7
CBV15C-0475,Train,CB12_PARTITION_V1,12026,85336fce689ddfdb0603bc6ce276a41b941c66ed4a6bb1cc34a8dea3a4d3f7ba,bec9a8f71570f7b5bb25337b953193c4a5791d079cb7345f74df4139b99970fc,False,V15C-HC3-HD3-OT2,HC3,HD3,OT2
CBV15C-0476,Test3,CB12_PARTITION_V1,12026,eda779b80e433c9f34a7b14488a60daee4ee9427f3ffba6ba198e1ca8c378d0b,65f9475597e6b7f25fd4382b4ed7792403ed97c11d91c5e5e5c54171af1262be,False,V15C-HC8-HD6-OT5,HC8,HD6,OT5
CBV15C-0477,Train,CB12_PARTITION_V1,12026,5ecc675fdb877f6e3cf364728023414d0b467404e5402440727c1d2b3cbe14ce,e1c7f3daa7aa5e67248d7cff736ed8b9cafa9aa860887c4d2dce1c5787107684,False,V15C-HC7-HD2-OT11,HC7,HD2,OT11
CBV15C-0478,Test3,CB12_PARTITION_V1,12026,138fbf26ad4af83b4b49b003cd0f1a6f236326589f0f0b2fb17605c75e5eb125,886446c3689aa891975d033a307460cb5a1164f343e49e20d0c9ca2e09f7de20,False,V15C-HC4-HD1-OT1,HC4,HD1,OT1
CBV15C-0479,Train,CB12_PARTITION_V1,12026,270b7ba9ec333620f2ea4a6acb7af4ba6261a09aac8d177f258180be14f9958f,d759369572ec835fa37059a6182f6b492751b9992e02d4e33ce9271ab75506c5,False,V15C-HC6-HD4-OT14,HC6,HD4,OT14
CBV15C-0480,Train,CB12_PARTITION_V1,12026,83e30303404ea2c8eabd64e50117d1df4bdab207aa0deeeed451203540c52a09,6b4e67c5b2e5a591d77b9091d669eb55fb313b3287a28bedd9221c9cbb2e7b38,False,V15C-HC2-HD8-OT14,HC2,HD8,OT14
CBV15C-0481,Test2,CB12_PARTITION_V1,12026,1dc7beb8e19aebcde9fa4768f7916511a737e1ecb3feaee9e35d8676aeb3efe9,40c777d3d143da4df0785bf2b6419bcbf1e38741c25309b497b7c0d32a82017f,False,V15C-HC3-HD3-OT15,HC3,HD3,OT15
CBV15C-0482,Test2,CB12_PARTITION_V1,12026,48a1a0afd717a17c48f06d7ef27f09faea75b4652d856fcdc63fe639845cee18,f1d5071113de44bdf4608a02bb06ea9433b12a067a356cc397179cd59eeb3e5b,False,V15C-HC9-HD7-OT11,HC9,HD7,OT11
CBV15C-0483,Train,CB12_PARTITION_V1,12026,05d3a71fe3d83274931128e66c91fc4b3053da5147ae6d927710191828a3aa5d,8c80d52f11bf88cf47454f8b2cd76a2381503014c49d355ec255f6288b3faaf8,False,V15C-HC5-HD3-OT15,HC5,HD3,OT15
CBV15C-0484,Test1,CB12_PARTITION_V1,12026,4024ca8ef126deeec948fc81950dae9ee2ccfa7f819df1b93f2351fe640a79c9,c47ef9a2d8563f8d9894475440b1732e59018e19bc7ea9706c503e2c16b222db,False,V15C-HC1-HD5-OT6,HC1,HD5,OT6
CBV15C-0485,Test1,CB12_PARTITION_V1,12026,fa18ca32d0136829e1eeced779d7583845f75b2177309e50c8ef276a3d9d1384,9723cd5024e929f32720ff8c0fd3d9038e16223f65bcffc7b39966fdd7ecdff7,False,V15C-HC3-HD2-OT2,HC3,HD2,OT2
CBV15C-0486,Train,CB12_PARTITION_V1,12026,d916268dff67cec1d96ff421d3c2938dc55e7ecb7f756d2928c2d3787152b0ec,e1b95ccbc086e1ec47cf807080beb8788f48d9b2d17da6964f1f84f223fa1398,False,V15C-HC5-HD4-OT15,HC5,HD4,OT15
CBV15C-0487,Train,CB12_PARTITION_V1,12026,9d18058b4edb885eb60e39a9ca8be639a560f1b241902eb3738d0b5f63644284,b3e2f6604b28b0c6e29d3b1499c6565dea61a755f18e950a92316011fc876045,False,V15C-HC2-HD1-OT5,HC2,HD1,OT5
CBV15C-0488,Test3,CB12_PARTITION_V1,12026,d19f753019da933b3bf1fbb3d595f1ec6a36b4446339fe0bb6104c8ce5ba3de2,a183b86b6aefa4e210f640d0d157a0f9c8bff685ffc35b1d0c7780b42aad165a,False,V15C-HC6-HD6-OT6,HC6,HD6,OT6
CBV15C-0489,Train,CB12_PARTITION_V1,12026,39556faccef84192c1a6194f485d67442e47eedcf56493548027951f57768a50,64339ade0f3d78876153bbbd5045aaf78a24f96e52cb64748c30faa5414af1ed,False,V15C-HC8-HD5-OT12,HC8,HD5,OT12
CBV15C-0490,Test3,CB12_PARTITION_V1,12026,6f836cce1c8a558a9e9238827f518dc04c39fbbcf1f5ef57c018563d2fe7adee,27105755d9e8b812ef2748b3a681d2a6c25c6f6dec0dc6ffe9e85c821c005afa,False,V15C-HC7-HD3-OT6,HC7,HD3,OT6
CBV15C-0491,Train,CB12_PARTITION_V1,12026,bce2e5ec1103719a8d8af16f8b10afe1a46344d737c50d095358f7946d68a789,73004ef4be0c8fcffcf86c7781ae194b5bf93ef637b90ff64cfda14db8c49558,False,V15C-HC1-HD7-OT5,HC1,HD7,OT5
CBV15C-0492,Test3,CB12_PARTITION_V1,12026,a71cfedce73abb38b9210cb58963bc92b90869b6a4146e2ec6ac05fa1ff1c62d,21c0e2517a83c0536414bfdb24ee43226c1b2e7fd9cf515ff8bb3f06ed836ca6,False,V15C-HC9-HD6-OT13,HC9,HD6,OT13
CBV15C-0493,Test2,CB12_PARTITION_V1,12026,c5aec359d809369f60a23042653a19fbbfa990329ecc1fa08cb5fb0adf422c11,7fe45dba231c3723890fed210fed1aa49ed79173e32aee350804da7b07355500,False,V15C-HC4-HD8-OT9,HC4,HD8,OT9
CBV15C-0494,Train,CB12_PARTITION_V1,12026,ab9db2469da884bcdd6d35d59dd2aaac0df207169984880c72ec4b31e1688bde,f20e1212576d16936edfc807f59e91f51af1697dcb9909e09584b19dfe11df5e,False,V15C-HC3-HD1-OT15,HC3,HD1,OT15
CBV15C-0495,Test1,CB12_PARTITION_V1,12026,4b224b83a1089396b3de966c8e038c4667813281d41cec20ed9ccf032f971a45,72ee6fcddfe0eccee03b849bd917b2560485540c2b30450fa5f3e7845bdaec7e,False,V15C-HC5-HD4-OT6,HC5,HD4,OT6
CBV15C-0496,Test3,CB12_PARTITION_V1,12026,b30e3c96322ce45c15556e6c66563bcf850e5fbd907ef2505f13b9bc50b2b00a,8b5d793265d5a0c86f6a235ca2be5f286a10169e410f7ecb132e1fc6080fed73,False,V15C-HC6-HD2-OT14,HC6,HD2,OT14
CBV15C-0497,Train,CB12_PARTITION_V1,12026,9deb37f480db76a700735d730b871b6a82716deac2e0bcc58cf2045d09f99f53,da78399290ec844adef8b7d3ae11ae4cb41f47f1f1941c787150cf51b2c0f9a6,False,V15C-HC2-HD3-OT14,HC2,HD3,OT14
CBV15C-0498,Train,CB12_PARTITION_V1,12026,baf40b3b5f58b26efa1a143c147513cf16fabeb7e2e2b2e4e46d2b5cc7c10b83,51b8c9357580abe51c95f1db41909ba61d6f73cebf17d4da903169879372cef0,False,V15C-HC3-HD2-OT6,HC3,HD2,OT6
CBV15C-0499,Test1,CB12_PARTITION_V1,12026,92e18387b2d4a5cd4fa50d2295228a0c68fa5ebe7190883dbc9153ce85168cdd,1a53757c0ac4c8cbf518c4d09b8d85305f0779cb1ec0eaf62f337fe8e8e284fe,False,V15C-HC8-HD1-OT8,HC8,HD1,OT8
CBV15C-0500,Test3,CB12_PARTITION_V1,12026,58e40227cb19d7264cfd4a31788dea4e7865e4e876319c49b8de0d4b8706f8e4,e82bc4ecd776d4dbec55c13d84a737463fbd3693cd54802ae7dfed4ba0d50b66,False,V15C-HC7-HD5-OT11,HC7,HD5,OT11
CBV15C-0501,Reserve,CB12_PARTITION_V1,12026,2578a9afa4bdabcda6b350ac01f2dd4c45bfa434ac1d480b910c3f17afe41c94,e17d8e8d8c9d74873754a3bd8961939345be9dfd6c71873d08f3c6471ae09e8f,True,V15C-HC1-HD4-OT6,HC1,HD4,OT6
CBV15C-0502,Reserve,CB12_PARTITION_V1,12026,82fed1eb4524a4a3de6c435f1a6819354ea788e91aa286b6c8bd57e00963ca2a,de3c9c1c9bfd7f0f48e3975d1355e2b09e4cca66e689fab4b4bf3f144e9c7177,True,V15C-HC5-HD7-OT8,HC5,HD7,OT8
CBV15C-0503,Reserve,CB12_PARTITION_V1,12026,4db9623d04cbd8afc0d1a98f498ad69f60a36fb3b06c33221521103252b195c4,c7125a8c36a4835fc8b87655a4343fb83898a12ca7a2d86ee4980e1758b2cc01,True,V15C-HC2-HD3-OT4,HC2,HD3,OT4
CBV15C-0504,Reserve,CB12_PARTITION_V1,12026,570ba89d1d464ea3c8f9a34fdfc9590b3451e68612362d712f2b7c5b191a73c2,3f52a956a0fe33764cffe233e5179a809a3453ea4dad44ad9061db39861235bd,True,V15C-HC4-HD8-OT1,HC4,HD8,OT1
CBV15C-0505,Reserve,CB12_PARTITION_V1,12026,c72a01452d87d7f7abfe786c13546f62081e5d22f9ddfb46a09b776995399d89,f9a3543677555886c563944b66c1c42971a6faf06d95c08afd35443e683cae18,True,V15C-HC9-HD6-OT6,HC9,HD6,OT6
CBV15C-0506,Reserve,CB12_PARTITION_V1,12026,9a1f6659c072ec82815488407227699285c6f966955f4f6232c310a6a653fd09,2622d83159bf4b97e31ce60ee4ca0efac16e320a0ed9109228e0917290b8dd08,True,V15C-HC3-HD2-OT14,HC3,HD2,OT14
CBV15C-0507,Reserve,CB12_PARTITION_V1,12026,3e4a05852d77b3bf62aef3643e17f7d19614a8d7b8b8faa4a4986ed7d6efcdb9,496e6e2bee5dda2935b370591ffbbe119ac4303fd8d0b7dbb22af4a5f5cb04c8,True,V15C-HC6-HD1-OT5,HC6,HD1,OT5
CBV15C-0508,Reserve,CB12_PARTITION_V1,12026,b9aff77577aa59378b87e3ff892e161e94bd38a11ea2bfcbd7a01a3b54f51cc5,af15a25704779aa86756248551e38e909c8835b08f0dd7e7661cc8714c3bc07a,True,V15C-HC5-HD4-OT13,HC5,HD4,OT13
CBV15C-0509,Reserve,CB12_PARTITION_V1,12026,73ffa7de2bcd549a7699f8950e07a1c3d07344882b7b31f081d5270230135cf4,4a4aaefcbf4f1ebe7d2a02eb228a61f4fd0699aefff963c456ade3f25ffc8061,True,V15C-HC8-HD3-OT8,HC8,HD3,OT8
CBV15C-0510,Reserve,CB12_PARTITION_V1,12026,91f3f5deb8455aff360764bb362d28829bf4925e3ac78ab6ad7556a1047d60cc,730380ad71e30c8019e628c323211dba75459414cc105cf534746450ebb2ac9b,True,V15C-HC7-HD5-OT8,HC7,HD5,OT8
CBV15C-0511,Reserve,CB12_PARTITION_V1,12026,f7045d7907b559783330c1046d58fad01c5d4df2be41574fde9e24e0642cf616,fe41d7377b4fe9f213756a6771c0df738e25a6ed497e411f87224ef8eaf411b6,True,V15C-HC1-HD2-OT5,HC1,HD2,OT5
CBV15C-0512,Reserve,CB12_PARTITION_V1,12026,4a4dae4ef4427669f0e6ba45e4a8a3beb2acfb7479fad4bec7c9efc627f24270,a203a00d74e6793cf58986589bc4045401b48ada859c0397533aa4e5861a6ee4,True,V15C-HC3-HD1-OT3,HC3,HD1,OT3
CBV15C-0513,Reserve,CB12_PARTITION_V1,12026,24b8518fa5a29dd832688755a10c59743523e63c4eb7f2159b5692a5a2d995b1,43218bffad7ec215dceab60526b41883d2ace7e22309e3d86548c579a92bb591,True,V15C-HC6-HD4-OT15,HC6,HD4,OT15
CBV15C-0514,Reserve,CB12_PARTITION_V1,12026,bce4f0ce4c7c1b318e454fdca7d6f4d412f98567f22ee16d4b03a387ac9c6f01,9d7f4e8c12cee1cb919cd6e4fa49609bce179023ecea45d273d04208ea1f1e51,True,V15C-HC2-HD3-OT3,HC2,HD3,OT3
CBV15C-0515,Reserve,CB12_PARTITION_V1,12026,4ba7a7cdc6e06410cb0217b60a839cbf600a753068639e9dda76668c6ef0a99e,d7de6356842a7c78cca49851b3abb77d05e075d701d4dad889a996ab3bc94e08,True,V15C-HC5-HD7-OT7,HC5,HD7,OT7
CBV15C-0516,Reserve,CB12_PARTITION_V1,12026,c19841dddb4f998ec8b6613a8c5e24fbe1d44ed1dfe7749b6a1f041885424d3d,ccb9929ac2c2e342dce125db353b56c13885cf2b6fadcc2da7ce1949719b79af,True,V15C-HC9-HD6-OT2,HC9,HD6,OT2
CBV15C-0517,Reserve,CB12_PARTITION_V1,12026,262390599fa2cc21e97359c0bfa9e57c622e7e7aceea299667ba3313cb2117b4,d4c81bf77a3db1446712440db34760cd37e3879d1b5d676cdd8b4f3f6ece6d76,True,V15C-HC4-HD8-OT9,HC4,HD8,OT9
CBV15C-0518,Reserve,CB12_PARTITION_V1,12026,f168d981575231df49bc41d200e7423c515cba5f15d24c4d45503bda3d594371,6e16bda76cc8ab12c74c4b80cee312f0f614c9f82b1fd92a87897eb2ee7f0ea9,True,V15C-HC3-HD3-OT1,HC3,HD3,OT1
CBV15C-0519,Reserve,CB12_PARTITION_V1,12026,ffd0e6c9d5cd2714c327e77cdfcb4780155f7c7bd4dfca5c656dd4bff0559a14,9164378ea4843fbbcdf7bd9caa71feb53e54c99ddaf3dfd18b094ae5cbfab1a3,True,V15C-HC7-HD2-OT6,HC7,HD2,OT6
CBV15C-0520,Reserve,CB12_PARTITION_V1,12026,1ead2618e444d0c5bde3cf365b443872bad2cd410a9813cf7d2e2c5338ec4867,16d37bd59ceb7ed13efc0c9c263977d0c8d5bf4c397bbd0c7274f2d6476f9399,True,V15C-HC8-HD4-OT12,HC8,HD4,OT12
CBV15C-0521,Reserve,CB12_PARTITION_V1,12026,e946f9d653b20c53bb29c898988fdd5716d801ad148e45741ca2610c0507dcc7,e8db442d2e8a927e74ec9e75666f812bd22961a4afc54309a50073b7ef247608,True,V15C-HC1-HD1-OT6,HC1,HD1,OT6
CBV15C-0522,Reserve,CB12_PARTITION_V1,12026,9c4d00c64359d361cb6be7649e92adfb0531ae868a343be99cf1108923589506,eabb1b17202f4a7211d13a4723fd70cae92d88d19a5204ccf56f83aebef1425e,True,V15C-HC2-HD3-OT4,HC2,HD3,OT4
CBV15C-0523,Reserve,CB12_PARTITION_V1,12026,297b233ffc4470a184584112b5bed141835c257ef13874e85276d93221b43cc2,76dd0d426295c5f69edb7897975835f500ddde1746e9ee85eb5253d34b44ff7a,True,V15C-HC6-HD5-OT10,HC6,HD5,OT10
CBV15C-0525,Reserve,CB12_PARTITION_V1,12026,03bf4184b3d22c59e940eaa119044e3a4e5bf735de2fbadc5250ec5e5468fe2b,e75b3cff5b95ef03405b457549a34afbba09fcb519c7c59e7392c07913778b93,True,V15C-HC3-HD2-OT1,HC3,HD2,OT1
CBV15C-0526,Reserve,CB12_PARTITION_V1,12026,d97278a59163e0d803f0153d713bde37bbbc472f413910bb76dcb922cf68d499,23393af9d7a4d6cf633541b57768386920a11d59613224c6b7713376b02690f9,True,V15C-HC7-HD6-OT11,HC7,HD6,OT11
CBV15C-0527,Reserve,CB12_PARTITION_V1,12026,1a1c81adfde535ca37a0b315c6b31608056fe78107e3dd3e16bce9984a329386,c5e6d017eb8b247f7b45d3a5ce19d9e4da6901be0cc52f7f788e6b3ae5fa66d7,True,V15C-HC8-HD1-OT5,HC8,HD1,OT5
CBV15C-0528,Reserve,CB12_PARTITION_V1,12026,a9a79fef6b39f63c5e100b62d8e781d66e69e373b5962be7988f9f335ce7c69d,2f74345d3e34f0bbfc2d2044c98f2aa59569d60a347125a01a254f30a1c911e3,True,V15C-HC6-HD4-OT8,HC6,HD4,OT8
CBV15C-0530,Reserve,CB12_PARTITION_V1,12026,ee0850ff10d6bcb09ed7e9c2441a95506dccd0f4182f39143fda8bd605b6c15d,07e12eb178a23bae26c8b529d2f7074d06e358cd158fdfd2f735a9719c8f33bc,True,V15C-HC3-HD3-OT15,HC3,HD3,OT15
CBV15C-0531,Reserve,CB12_PARTITION_V1,12026,be1e8207fddd2c4efe1be762b2014e54acd8278ecd022235d6c9f30bf6844aa4,de359ec0e266f5cf55b9d7020c7e49ec870a6a11b8d99aef7fee972657dbc32e,True,V15C-HC4-HD4-OT15,HC4,HD4,OT15
CBV15C-0532,Reserve,CB12_PARTITION_V1,12026,b1fb74d2be324e961cbf3f24319aa1a6627833ff54be90dd44a47af9029fda23,18998169df6d6e71742fa2e935b69d023cbc41cc8fc1474d9defae2f4a09cc6c,True,V15C-HC9-HD5-OT13,HC9,HD5,OT13
CBV15C-0533,Reserve,CB12_PARTITION_V1,12026,b870d19e6e10fa66f6a79e7ce91a69efa9a836408b9c30b8afc079573b338805,1d64cdb7ac59d5abb3fdd4ccb5cbca388f12c8fd0cf4bab4d0ee063fdc02194b,True,V15C-HC5-HD2-OT13,HC5,HD2,OT13
CBV15C-0534,Reserve,CB12_PARTITION_V1,12026,30620719b0cc321f19406ef7172c5f7bbe2d91dd3fb5bbcc67595f9a922befc8,a8642f0650a6be55129075247efba6d5d8f385a8fe8a690259769baa5c638608,True,V15C-HC1-HD1-OT14,HC1,HD1,OT14
CBV15C-0535,Reserve,CB12_PARTITION_V1,12026,a36b0a2f91c7f751d64ceeea73859aabefaba2fcf1e5e1feb6ddc0fcaa3d7c5e,c03db869ecd6859a60dbe0acafdef019389df0185301068fb1a5285d6e00ed94,True,V15C-HC3-HD3-OT14,HC3,HD3,OT14
CBV15C-0536,Reserve,CB12_PARTITION_V1,12026,5c4d111ded7b7d105e0880c7ce63851848d8bd90c366cdec9e9cdfe4514a63c8,1ca91e03bf82e835fa9c60a1a079280d95c3bbc7f68d7a2da4b629af52e05adb,True,V15C-HC5-HD7-OT14,HC5,HD7,OT14
CBV15C-0537,Reserve,CB12_PARTITION_V1,12026,6d13da76ecc3e51ada414ac551dd97f91cc9cba589b06ca6eb0fc2031c67cb4a,ec536decc5c4ff9bdc0ed6c7f8faf2b703d01c924b44a6d1daaf11395e16e6d2,True,V15C-HC2-HD4-OT5,HC2,HD4,OT5
CBV15C-0538,Reserve,CB12_PARTITION_V1,12026,faecaa2e06b1cec157ae690c24db2d2edd6565b18c2ea986373cd152787b5433,f10729778dd7fe20a721366c0188af7dffc72bbfe84e1d4e1dbcbcb4b43c51fc,True,V15C-HC6-HD6-OT10,HC6,HD6,OT10
CBV15C-0539,Reserve,CB12_PARTITION_V1,12026,9b20c7d2b06864b5874998ed75921ff0337b06da14622832af1b8cbccf929394,7e11585407f7430d936c67603d3edcd01103c3f9eb7a191b3b476fb2c5f4959a,True,V15C-HC8-HD2-OT8,HC8,HD2,OT8
CBV15C-0540,Reserve,CB12_PARTITION_V1,12026,a372ca70e31ed281d24ccad4eb9c89fa498d012f627fa31cd1c29fa93aac477d,eb1495c9e7133c82350eeef730d2256756ec1327823395ae2635719d3022b509,True,V15C-HC7-HD5-OT8,HC7,HD5,OT8
CBV15C-0541,Reserve,CB12_PARTITION_V1,12026,df393938c32d9975f41265452c61f7f9c0c70a79fbf9ab4d80c10d73e4de1151,52c05935c0fb9e1c677376b37fac175ca4893cc57505cdf0295116f904df93f4,True,V15C-HC1-HD1-OT5,HC1,HD1,OT5
CBV15C-0542,Reserve,CB12_PARTITION_V1,12026,f0d85e28d0cc905726d7db036aff486e0e5f3c0e8383a6de05ba10d9821302ac,1cf43262b2d34a0b61599b1acb49b75e96af4212fe2af7a2f3e80e12f1e54494,True,V15C-HC9-HD7-OT11,HC9,HD7,OT11
CBV15C-0543,Reserve,CB12_PARTITION_V1,12026,0ef835adf9d8648ccdde79dcf0192b696f9b4f22aba8230f6f089ca1813c7b1f,14a4d73f87eabef07eb7132e3a2f918ab9ad1c0fbcdcff7216ac1a99b2f6e62a,True,V15C-HC4-HD3-OT14,HC4,HD3,OT14
CBV15C-0544,Reserve,CB12_PARTITION_V1,12026,b72a764f55253c02e050552084400b22ed9d8dec86946e05d5198d02dda58dcc,8591ded3b045140d5ae84b0884d251d61b484758e1a038c35d8898fcfa784b1b,True,V15C-HC3-HD8-OT2,HC3,HD8,OT2
CBV15C-0545,Reserve,CB12_PARTITION_V1,12026,961f73338cdaabc759cfb029e9a6f3eb9909b9c00b6bb779eec172498375b4b0,56a678c1b98094ded701ae5676c2e0d4a70c0ce57f04d29636aa192adf283554,True,V15C-HC5-HD1-OT8,HC5,HD1,OT8
CBV15C-0546,Reserve,CB12_PARTITION_V1,12026,9910df8c344ee44574394286f67b87751388f77c9b8d6b48212871e7e25a99fe,b26a1e7f8534da206cecf8380b09c0abe8e28f53f7afd8adc407363bd2cb5c78,True,V15C-HC2-HD4-OT3,HC2,HD4,OT3
CBV15C-0547,Reserve,CB12_PARTITION_V1,12026,f6408bbd7443db965d24ccb8c04c5c9e748173cdec6941a233f9496240be7df0,c2449780b71433f51b0befd560be463ee31e5710a2cb3210aafa8d37037c07e0,True,V15C-HC6-HD2-OT6,HC6,HD2,OT6
CBV15C-0548,Reserve,CB12_PARTITION_V1,12026,1cf3af4086ed9f0c8749ff51b41888e565270e8e2a667a2eac9b669afb020f5b,c4dfd949706e68af14a5a980b6341cd2174f1575fb90434a605095ff06865c68,True,V15C-HC3-HD3-OT3,HC3,HD3,OT3
CBV15C-0549,Reserve,CB12_PARTITION_V1,12026,af3cdb42b5a4cf2e0a9f5dd56bbac51729240861f55882bd9f5c4e86a5f39609,aeae154ae2e66e23ad8be91ba882f3786371df62e39002153f91a1efc181e48f,True,V15C-HC8-HD6-OT12,HC8,HD6,OT12
CBV15C-0550,Reserve,CB12_PARTITION_V1,12026,ef30be3ffe4dab3344479cac4f141116d7998f7dd955370ec12d87497a5ef2a7,d31f3dc1d1548036df421757ea5498adbdc08d10fa6ce5c7eed1a54acd97f6db,True,V15C-HC7-HD5-OT8,HC7,HD5,OT8
CBV15C-0552,Reserve,CB12_PARTITION_V1,12026,a36f80761d7c94ede31b2494c122b53b13c9e125a94ae307c992a9f65495d14e,c98dd03ff0da2737717fe086f0afe8cb52467a568ec516588b6376eca06188c7,True,V15C-HC5-HD4-OT15,HC5,HD4,OT15
CBV15C-0553,Reserve,CB12_PARTITION_V1,12026,94dcb4ab10cfeaa643ff8a30c2de354ff391d45bd1cf6c74ab9b0db1a029b30e,4305d5698f963c97b55e59d07e68b9654e8e6e8a4e007219fcea55889474a53c,True,V15C-HC6-HD1-OT8,HC6,HD1,OT8
CBV15C-0554,Reserve,CB12_PARTITION_V1,12026,a024e6bd3a24a1c12ee9b63b4901420c4dbbb278e8779e2be5653a0c77d65dee,c9560ca85987a57ebfa26f28c221ccf3f09f7c65247c2027e418d0858c42c4ec,True,V15C-HC3-HD2-OT6,HC3,HD2,OT6
CBV15C-0555,Reserve,CB12_PARTITION_V1,12026,848dbbcc38e9e3c463e8ac831cd4b22ecfde114b20a2c8b32bdb85074e0e2e8e,5b8f5fbf9ab8afd3683ec1362022457442b3d6ba54a2508aaff9ae99e8cd151b,True,V15C-HC4-HD8-OT6,HC4,HD8,OT6
CBV15C-0556,Reserve,CB12_PARTITION_V1,12026,2f754513e5d888b104d3f20f1377a746045b0eb7fc11d1af0ae17dbca7e4db70,b9969333e11eaa44f1af24533ec3b2a9c1e31217419cf34d12fbc8d56530f6d5,True,V15C-HC9-HD7-OT8,HC9,HD7,OT8
CBV15C-0557,Reserve,CB12_PARTITION_V1,12026,e4573c719dac52fa78aad121fa3dee5bd0dd99ca60e720923907f3f2a77c4efd,a1ebdd8cc875551ee3be3c37890ce4db27c5985c4604c6f0c61be3c961b29721,True,V15C-HC2-HD3-OT4,HC2,HD3,OT4
CBV15C-0558,Reserve,CB12_PARTITION_V1,12026,5c3b307b501da470d7d9c92dcb525c71d6728165fe7c07c57759fdfe05124c8d,c53f7eb33a39bbf5713cfd571633cc38ef3c0ae21f228fa4af0ed33ee97048eb,True,V15C-HC5-HD4-OT6,HC5,HD4,OT6
CBV15C-0559,Reserve,CB12_PARTITION_V1,12026,5a988bd89fd8d196fc2f7e961d46fbd648f819e5cab4fc6e46023dbc6118415c,a65fe3b4a442df5e146e6bd8d51add1bc0089ddc3cba96cc075a33421ed4f3ba,True,V15C-HC7-HD6-OT6,HC7,HD6,OT6
CBV15C-0560,Reserve,CB12_PARTITION_V1,12026,488190ef265180a07b5cc166f6381a332a1f6ddfe0de257b9165b6794b646c71,9f0996fb26ba302f4f27f35c22715ef737b20258b7d2b124cf7dec5d44ebd899,True,V15C-HC8-HD1-OT5,HC8,HD1,OT5
CBV15C-0561,Reserve,CB12_PARTITION_V1,12026,b129926c995949b0cc3c454ee8a0f0ba2e4f2de5b43f962f0ce70cc86fc95549,6f4f0ae469c9d97464f1dfcb3ea083053bd1b7776e6668db2db96f9927ab2b9f,True,V15C-HC1-HD2-OT5,HC1,HD2,OT5
CBV15C-0562,Reserve,CB12_PARTITION_V1,12026,ebf39e4c6e85713087df80be72d795133110669cd69fd684d4cde84aad0af254,e9fb627f31ed8012333297585a234d7a48f28b3294ad4b5ad22e1e3acda3dcd8,True,V15C-HC3-HD3-OT6,HC3,HD3,OT6
